_MEMBER_MyList,_LogP_MyList,GO,_PATTERN_,_RANK_,GiniIndex,Category,CategoryID,Description,PARENT_GO,LogP,Enrichment,Z-score,#TotalGeneInLibrary,#GeneInGO,#GeneInHitList,#GeneInGOAndHitList,%InGO,STDV %InGO,GeneID,Hits,Log(q-value),EvidenceCutoff
1,-21,M40175,M1,1,0,Cell Type Signatures,7,DESCARTES FETAL EYE CORNEAL AND CONJUNCTIVAL EPITHELIAL CELLS,,-21,7.1,15,30211,243,680,39,5.7,0.89,306|445|467|928|1825|1999|2150|3852|3880|4257|5055|5265|5284|6382|6385|7100|7348|8537|9052|9076|10008|10103|10406|10568|22807|23086|26298|53947|55808|57648|64065|79679|79838|80736|90019|114569|171177|266977|284340,ANXA3|ASS1|ATF3|CD9|DSC3|ELF3|F2RL1|KRT5|KRT19|MGST1|SERPINB2|SERPINA1|PIGR|SDC1|SDC4|TLR5|UPK1B|BCAS1|GPRC5A|CLDN1|KCNE3|TSPAN1|WFDC2|SLC34A2|IKZF2|EXPH5|EHF|A4GALT|ST6GALNAC1|KIAA1522|PERP|VTCN1|TMC5|SLC44A4|SYT8|MAL2|RHOV|ADGRF1|CXCL17,-17,0
1,-17,M40220,M1,1,0,Cell Type Signatures,7,DESCARTES FETAL KIDNEY URETERIC BUD CELLS,,-17,5.6,12,30211,300,680,38,5.6,0.88,216|306|1999|3691|3694|3852|3880|3914|5493|6340|6382|6697|7348|8537|10103|23120|26298|29841|55503|57402|64065|79589|79679|79983|80157|90019|114569|119587|140469|146439|150696|157506|166824|197257|266977|284340|340485|341277,ALDH1A1|ANXA3|ELF3|ITGB4|ITGB6|KRT5|KRT19|LAMB3|PPL|SCNN1G|SDC1|SPR|UPK1B|BCAS1|TSPAN1|ATP10B|EHF|GRHL1|TRPV6|S100A14|PERP|RNF128|VTCN1|POF1B|CWH43|SYT8|MAL2|CPXM2|MYO3B|BICDL2|PROM2|RDH10|RASSF6|LDHD|ADGRF1|CXCL17|ACER2|OVCH2,-13,0
1,-17,M39174,M1,1,0,Cell Type Signatures,7,MURARO PANCREAS ACINAR CELL,,-17,3.6,11,30211,731,680,59,8.7,1.1,445|467|972|1906|1999|2122|2705|3108|3914|4008|4217|4257|5154|5269|5276|5284|5874|6251|6335|6385|6744|6947|7035|7105|7263|8459|9021|9052|9076|10105|10158|10549|10788|22822|23120|23191|25825|26471|51053|51809|54407|54532|55366|56922|57648|63027|79838|80736|81671|90427|91107|93663|114569|130814|157506|166824|283209|284340|100506658,ASS1|ATF3|CD74|EDN1|ELF3|MECOM|GJB1|HLA-DMA|LAMB3|LMO7|MAP3K5|MGST1|PDGFA|SERPINB6|SERPINI2|PIGR|RAB27B|RSU1|SCN9A|SDC4|ITPRID2|TCN1|TFPI|TSPAN6|TST|TPST2|SOCS3|GPRC5A|CLDN1|PPIF|PDZK1IP1|PRDX4|IQGAP2|PHLDA1|ATP10B|CYFIP1|BACE2|NUPR1|GMNN|GALNT7|SLC38A2|USP53|LGR4|MCCC1|KIAA1522|SLC22A23|TMC5|SLC44A4|VMP1|BMF|TRIM47|ARHGAP18|MAL2|SLC66A3|RDH10|RASSF6|PGM2L1|CXCL17|OCLN,-13,0
1,-16,M40271,M1,1,0,Cell Type Signatures,7,DESCARTES FETAL PANCREAS DUCTAL CELLS,,-16,8.7,13,30211,128,680,25,3.7,0.72,134|476|1080|1999|2150|5314|6382|7348|8671|10568|22941|26298|51053|55503|57167|57402|65268|79679|80201|84239|90019|127707|170690|171177|284217,ADORA1|ATP1A1|CFTR|ELF3|F2RL1|PKHD1|SDC1|UPK1B|SLC4A4|SLC34A2|SHANK2|EHF|GMNN|TRPV6|SALL4|S100A14|WNK2|VTCN1|HKDC1|ATP13A4|SYT8|KLHDC7A|ADAMTS16|RHOV|LAMA1,-12,0
1,-15,M39135,M1,1,0,Cell Type Signatures,7,AIZARANI LIVER C39 EPCAM POS BILE DUCT CELLS 4,,-15,6.8,12,30211,184,680,28,4.1,0.76,214|467|476|598|1080|1435|1839|1906|1999|2317|3880|3914|4739|5214|5314|6385|6520|7057|9076|10164|23224|55503|55603|57402|81671|91107|166929|100506658,ALCAM|ATF3|ATP1A1|BCL2L1|CFTR|CSF1|HBEGF|EDN1|ELF3|FLNB|KRT19|LAMB3|NEDD9|PFKP|PKHD1|SDC4|SLC3A2|THBS1|CLDN1|CHST4|SYNE2|TRPV6|TENT5A|S100A14|VMP1|TRIM47|SGMS2|OCLN,-11,0
1,-15,M39056,M1,1,0,Cell Type Signatures,7,MANNO MIDBRAIN NEUROTYPES HRGL3,,-15,3.8,10,30211,574,680,49,7.2,0.99,214|467|1012|1824|1825|1910|2581|2890|3099|3625|3693|4036|4217|4257|5269|5654|6299|6423|6536|6565|6744|7476|8671|8842|9388|9863|10404|10788|51313|53353|54857|55198|55890|56171|57537|64283|79625|79838|81618|81628|84532|85004|112399|114792|114793|119587|151556|200162|205428,ALCAM|ATF3|CDH13|DSC2|DSC3|EDNRB|GALC|GRIA1|HK2|INHBB|ITGB5|LRP2|MAP3K5|MGST1|SERPINB6|HTRA1|SALL1|SFRP2|SLC6A9|SLC15A2|ITPRID2|WNT7A|SLC4A4|PROM1|LIPG|MAGI2|CPQ|IQGAP2|GASK1B|LRP1B|GDPD2|APPL2|GPRC5C|DNAH7|SORCS2|ARHGEF28|NDNF|TMC5|ITM2C|TSC22D4|ACSS1|RERG|EGLN3|KLHL32|FMNL2|CPXM2|GPR155|SPAG17|DIPK2A,-11,0
1,-14,M39070,M1,1,0,Cell Type Signatures,7,MANNO MIDBRAIN NEUROTYPES HNBGABA,,-14,3.4,9.8,30211,703,680,54,7.9,1,40|1006|1825|2039|2070|2744|2823|2890|4355|5063|5099|5144|5178|5214|5274|6252|6328|6335|6894|9213|9633|9699|9750|9899|10178|10451|22875|22941|22983|23108|23671|23705|53353|55691|57221|64067|64753|80055|84620|84679|85315|85369|114792|133522|151556|153020|203859|254531|266722|283209|283554|286097|339479|401145,ASIC2|CDH8|DSC3|DMTN|EYA4|GLS|GPM6A|GRIA1|MPP2|PAK3|PCDH7|PDE4D|PEG3|PFKP|SERPINI1|RTN1|SCN3A|SCN9A|TARBP1|XPR1|TESMIN|RIMS2|RIPOR2|SV2B|TENM1|VAV3|ENPP4|SHANK2|MAST1|RAP1GAP2|TMEFF2|CADM1|LRP1B|FRMD4A|ARFGEF3|NPAS3|CCDC136|PGAP1|ST6GAL2|SLC9A7|PAQR8|STRIP1|KLHL32|PPARGC1B|GPR155|RASGEF1B|ANO5|LPCAT4|HS6ST3|PGM2L1|GPR137C|MICU3|BRINP3|CCSER1,-11,0
1,-14,M39055,M1,1,0,Cell Type Signatures,7,MANNO MIDBRAIN NEUROTYPES HRGL2A,,-14,3.6,9.9,30211,600,680,49,7.2,0.99,18|182|460|1012|1910|2581|2823|2890|3625|3693|3852|4036|4257|4774|5099|5187|5270|5578|5654|6299|6423|6509|6536|6565|7105|7476|8671|9388|9543|9663|9750|10788|23022|51313|54857|56171|57537|64067|79625|81618|81628|84239|84532|114792|119587|144809|151556|200162|284111,ABAT|JAG1|ASTN1|CDH13|EDNRB|GALC|GPM6A|GRIA1|INHBB|ITGB5|KRT5|LRP2|MGST1|NFIA|PCDH7|PER1|SERPINE2|PRKCA|HTRA1|SALL1|SFRP2|SLC1A4|SLC6A9|SLC15A2|TSPAN6|WNT7A|SLC4A4|LIPG|IGDCC3|LPIN2|RIPOR2|IQGAP2|PALLD|GASK1B|GDPD2|DNAH7|SORCS2|NPAS3|NDNF|ITM2C|TSC22D4|ATP13A4|ACSS1|KLHL32|CPXM2|FAM216B|GPR155|SPAG17|SLC13A5,-10,0
1,-14,M40275,M1,1,0,Cell Type Signatures,7,DESCARTES FETAL PLACENTA PAEP MECOM POSITIVE CELLS,,-14,6.8,12,30211,169,680,26,3.8,0.74,2150|3625|3914|3929|5076|5284|5314|6533|6571|7368|9699|9914|10103|10406|10568|26298|56171|57494|57535|64283|79679|136306|152404|255928|266722|266977,F2RL1|INHBB|LAMB3|LBP|PAX2|PIGR|PKHD1|SLC6A6|SLC18A2|UGT8|RIMS2|ATP2C2|TSPAN1|WFDC2|SLC34A2|EHF|DNAH7|RIMKLB|ELAPOR1|ARHGEF28|VTCN1|SVOPL|IGSF11|SYT14|HS6ST3|ADGRF1,-10,0
1,-14,M39125,M1,1,0,Cell Type Signatures,7,AIZARANI LIVER C24 EPCAM POS BILE DUCT CELLS 3,,-14,6.5,11,30211,185,680,27,4,0.75,467|476|1080|1839|1999|3880|3914|4008|5284|6385|7263|8671|9076|10158|10164|10406|23191|25825|55603|57402|57648|64065|79679|79838|114569|166929|100506658,ATF3|ATP1A1|CFTR|HBEGF|ELF3|KRT19|LAMB3|LMO7|PIGR|SDC4|TST|SLC4A4|CLDN1|PDZK1IP1|CHST4|WFDC2|CYFIP1|BACE2|TENT5A|S100A14|KIAA1522|PERP|VTCN1|TMC5|MAL2|SGMS2|OCLN,-10,0
1,-14,M39037,M1,1,0,Cell Type Signatures,7,FAN EMBRYONIC CTX OLIG,,-14,3.2,9.5,30211,754,680,55,8.1,1,928|1272|1435|1831|1839|2317|2346|2581|2705|4355|5027|5274|5638|6272|6447|6536|6571|7368|8395|8537|9514|9771|10420|10826|22875|22903|23120|23158|23348|23612|23671|25825|27347|51228|51573|54206|55032|55626|57471|63027|65125|81628|81671|84735|84886|84899|112399|114792|114793|123283|133121|151556|152404|153020|387914,CD9|CNTN1|CSF1|TSC22D3|HBEGF|FLNB|FOLH1|GALC|GJB1|MPP2|P2RX7|SERPINI1|PRRG1|SORT1|SCG5|SLC6A9|SLC18A2|UGT8|PIP5K1B|BCAS1|GAL3ST1|RAPGEF5|TESK2|FAXDC2|ENPP4|BTBD3|ATP10B|TBC1D9|DOCK9|PHLDA3|TMEFF2|BACE2|STK39|GLTP|GDE1|ERRFI1|SLC35A5|AMBRA1|ERMN|SLC22A23|WNK1|TSC22D4|VMP1|CNDP1|C1orf198|TMTC4|EGLN3|KLHL32|FMNL2|TARS3|ENPP6|GPR155|IGSF11|RASGEF1B|SHISA2,-10,0
1,-13,M39067,M1,1,0,Cell Type Signatures,7,MANNO MIDBRAIN NEUROTYPES HDA,,-13,3.8,9.6,30211,506,680,43,6.3,0.93,1012|1272|2039|2823|2890|3925|4013|4703|5063|5575|5578|5800|6252|6328|6335|6382|6447|6509|9213|9699|9750|9771|9863|9899|10178|10451|22983|22999|23108|23154|23671|23705|64084|64753|79722|84253|114792|116931|151473|222950|254531|283209|401145,CDH13|CNTN1|DMTN|GPM6A|GRIA1|STMN1|VWA5A|NEB|PAK3|PRKAR1B|PRKCA|PTPRO|RTN1|SCN3A|SCN9A|SDC1|SCG5|SLC1A4|XPR1|RIMS2|RIPOR2|RAPGEF5|MAGI2|SV2B|TENM1|VAV3|MAST1|RIMS1|RAP1GAP2|NCDN|TMEFF2|CADM1|CLSTN2|CCDC136|ANKRD55|GARNL3|KLHL32|MED12L|SLC16A14|NYAP1|LPCAT4|PGM2L1|CCSER1,-9.5,0
1,-12,M39069,M1,1,0,Cell Type Signatures,7,MANNO MIDBRAIN NEUROTYPES HDA2,,-12,3.6,9.1,30211,513,680,42,6.2,0.92,216|1006|1012|1272|1813|2039|2823|3852|3925|4013|4355|5063|5144|5214|5218|5578|5774|6252|6328|6335|6382|6447|6509|6571|6833|9076|9213|9699|9899|22875|22941|22983|22999|23108|79822|84253|84679|85004|114792|153020|222950|283209,ALDH1A1|CDH8|CDH13|CNTN1|DRD2|DMTN|GPM6A|KRT5|STMN1|VWA5A|MPP2|PAK3|PDE4D|PFKP|CDK14|PRKCA|PTPN3|RTN1|SCN3A|SCN9A|SDC1|SCG5|SLC1A4|SLC18A2|ABCC8|CLDN1|XPR1|RIMS2|SV2B|ENPP4|SHANK2|MAST1|RIMS1|RAP1GAP2|ARHGAP28|GARNL3|SLC9A7|RERG|KLHL32|RASGEF1B|NYAP1|PGM2L1,-8.8,0
1,-12,M41659,M1,1,0,Cell Type Signatures,7,TRAVAGLINI LUNG ALVEOLAR EPITHELIAL TYPE 1 CELL,,-12,4.1,9.3,30211,391,680,36,5.3,0.86,306|467|928|1839|1906|1942|2070|2744|2823|3880|3914|4008|4148|4248|4739|5154|6382|6867|7145|7476|8837|9052|23705|51061|54206|55214|79073|79589|79625|80014|84141|84886|139818|205428|219995|259173,ANXA3|ATF3|CD9|HBEGF|EDN1|EFNA1|EYA4|GLS|GPM6A|KRT19|LAMB3|LMO7|MATN3|MGAT3|NEDD9|PDGFA|SDC1|TACC1|TNS1|WNT7A|CFLAR|GPRC5A|CADM1|TXNDC11|ERRFI1|P3H2|TMEM109|RNF128|NDNF|WWC2|EVA1A|C1orf198|DOCK11|DIPK2A|MS4A15|ALS2CL,-8.6,0
1,-11,M39072,M1,1,0,Cell Type Signatures,7,MANNO MIDBRAIN NEUROTYPES HSERT,,-11,3.8,8.9,30211,450,680,38,5.6,0.88,1006|1012|1272|2039|2823|2890|5099|5178|5214|5274|5575|6252|6328|6335|6447|6571|6894|7145|9213|9663|9699|9750|22983|22999|23154|23236|23705|51062|53353|57221|84253|85315|114792|254531|266722|283209|339479|401145,CDH8|CDH13|CNTN1|DMTN|GPM6A|GRIA1|PCDH7|PEG3|PFKP|SERPINI1|PRKAR1B|RTN1|SCN3A|SCN9A|SCG5|SLC18A2|TARBP1|TNS1|XPR1|LPIN2|RIMS2|RIPOR2|MAST1|RIMS1|NCDN|PLCB1|CADM1|ATL1|LRP1B|ARFGEF3|GARNL3|PAQR8|KLHL32|LPCAT4|HS6ST3|PGM2L1|BRINP3|CCSER1,-8.1,0
1,-11,M39034,M1,1,0,Cell Type Signatures,7,FAN EMBRYONIC CTX ASTROCYTE 2,,-11,6.4,10,30211,153,680,22,3.2,0.68,214|1910|4257|4774|5270|5654|6509|6520|6565|7035|8671|10267|10768|51313|54857|55366|64344|64850|81618|84253|84886|284217,ALCAM|EDNRB|MGST1|NFIA|SERPINE2|HTRA1|SLC1A4|SLC3A2|SLC15A2|TFPI|SLC4A4|RAMP1|AHCYL1|GASK1B|GDPD2|LGR4|HIF3A|ETNPPL|ITM2C|GARNL3|C1orf198|LAMA1,-8,0
1,-11,M39111,M1,1,0,Cell Type Signatures,7,AIZARANI LIVER C7 EPCAM POS BILE DUCT CELLS 2,,-11,5.3,9.6,30211,219,680,26,3.8,0.74,214|306|467|476|598|1080|1999|3693|3880|3993|5314|6382|6385|8671|8842|9076|10164|10406|22941|25825|57402|57648|64065|65268|84886|100506658,ALCAM|ANXA3|ATF3|ATP1A1|BCL2L1|CFTR|ELF3|ITGB5|KRT19|LLGL2|PKHD1|SDC1|SDC4|SLC4A4|PROM1|CLDN1|CHST4|WFDC2|SHANK2|BACE2|S100A14|KIAA1522|PERP|WNK2|C1orf198|OCLN,-8,0
1,-10,M39039,M1,1,0,Cell Type Signatures,7,FAN EMBRYONIC CTX BRAIN ENDOTHELIAL 1,,-10,3.6,8.4,30211,440,680,36,5.3,0.86,928|978|1004|1602|1906|1942|2122|2317|2321|3614|5793|6509|6513|6520|7105|8566|8842|8884|9771|23171|23348|51293|54567|55808|56920|57181|57488|84293|84632|84879|84899|93663|151473|285025|768211|100506658,CD9|CDA|CDH6|DACH1|EDN1|EFNA1|MECOM|FLNB|FLT1|IMPDH1|PTPRG|SLC1A4|SLC2A1|SLC3A2|TSPAN6|PDXK|PROM1|SLC5A6|RAPGEF5|GPD1L|DOCK9|CD320|DLL4|ST6GALNAC1|SEMA3G|SLC39A10|ESYT2|PRXL2A|AFAP1L2|MFSD2A|TMTC4|ARHGAP18|SLC16A14|CCDC141|RELL1|OCLN,-7.3,0
1,-10,M41691,M1,1,0,Cell Type Signatures,7,TRAVAGLINI LUNG PLATELET MEGAKARYOCYTE CELL,,-10,3.2,8.1,30211,604,680,43,6.3,0.93,489|598|664|928|1999|2039|2149|3693|3796|3880|5154|5270|5284|5291|5575|5874|6009|6251|6385|7035|7145|7263|8459|10103|10158|10406|10568|10826|29841|51071|79838|80230|80736|81628|84632|84886|93663|112399|133690|148932|203328|284340|340348,ATP2A3|BCL2L1|BNIP3|CD9|ELF3|DMTN|F2R|ITGB5|KIF2A|KRT19|PDGFA|SERPINE2|PIGR|PIK3CB|PRKAR1B|RAB27B|RHEB|RSU1|SDC4|TFPI|TNS1|TST|TPST2|TSPAN1|PDZK1IP1|WFDC2|SLC34A2|FAXDC2|GRHL1|DERA|TMC5|RUFY1|SLC44A4|TSC22D4|AFAP1L2|C1orf198|ARHGAP18|EGLN3|CAPSL|MOB3C|SUSD3|CXCL17|TSPAN33,-7.2,0
1,-10,M39168,M1,1,0,Cell Type Signatures,7,MURARO PANCREAS ALPHA CELL,,-10,3.2,8.1,30211,568,680,41,6,0.91,216|392|1272|1602|2317|2650|2744|3925|5063|5144|5167|5174|5270|5274|6252|6447|6751|9699|9863|10020|10149|10625|11067|23022|23108|23158|51061|51144|51604|55603|57221|57535|80055|84679|91947|126868|129642|130399|252839|253558|266722,ALDH1A1|ARHGAP1|CNTN1|DACH1|FLNB|GCNT1|GLS|STMN1|PAK3|PDE4D|ENPP1|PDZK1|SERPINE2|SERPINI1|RTN1|SCG5|SSTR1|RIMS2|MAGI2|GNE|ADGRG2|IVNS1ABP|DEPP1|PALLD|RAP1GAP2|TBC1D9|TXNDC11|HSD17B12|PIGT|TENT5A|ARFGEF3|ELAPOR1|PGAP1|SLC9A7|ARRDC4|MAB21L3|MBOAT2|ACVR1C|TMEM9|LCLAT1|HS6ST3,-7,0
1,-9.4,M39053,M1,1,0,Cell Type Signatures,7,MANNO MIDBRAIN NEUROTYPES HRGL2C,,-9.4,4,8.1,30211,326,680,29,4.3,0.77,1012|1910|2118|2199|2823|2890|3693|4257|4774|5099|5270|5291|5578|5654|6536|8671|11174|23154|51228|53353|54857|56171|81628|84239|84532|112399|151246|200162|284217,CDH13|EDNRB|ETV4|FBLN2|GPM6A|GRIA1|ITGB5|MGST1|NFIA|PCDH7|SERPINE2|PIK3CB|PRKCA|HTRA1|SLC6A9|SLC4A4|ADAMTS6|NCDN|GLTP|LRP1B|GDPD2|DNAH7|TSC22D4|ATP13A4|ACSS1|EGLN3|SGO2|SPAG17|LAMA1,-6.3,0
1,-9.4,M39108,M1,1,0,Cell Type Signatures,7,AIZARANI LIVER C4 EPCAM POS BILE DUCT CELLS 1,,-9.4,5.1,8.7,30211,191,680,22,3.2,0.68,214|467|476|1999|2330|3693|3698|5314|6382|6385|7263|8671|9076|10164|22941|25825|54206|57402|57648|64065|84886|100506658,ALCAM|ATF3|ATP1A1|ELF3|FMO5|ITGB5|ITIH2|PKHD1|SDC1|SDC4|TST|SLC4A4|CLDN1|CHST4|SHANK2|BACE2|ERRFI1|S100A14|KIAA1522|PERP|C1orf198|OCLN,-6.3,0
1,-9.3,M41653,M1,1,0,Cell Type Signatures,7,TRAVAGLINI LUNG DIFFERENTIATING BASAL CELL,,-9.3,5.7,8.9,30211,157,680,20,2.9,0.65,216|445|3852|3880|4774|5268|6382|7348|9076|10103|10406|10451|10595|26298|51228|53947|54101|55808|64065|79949,ALDH1A1|ASS1|KRT5|KRT19|NFIA|SERPINB5|SDC1|UPK1B|CLDN1|TSPAN1|WFDC2|VAV3|ERN2|EHF|GLTP|A4GALT|RIPK4|ST6GALNAC1|PERP|PLEKHS1,-6.3,0
1,-9.3,M41666,M1,1,0,Cell Type Signatures,7,TRAVAGLINI LUNG CAPILLARY INTERMEDIATE 1 CELL,,-9.3,5.6,8.8,30211,158,680,20,2.9,0.65,306|929|972|1435|1831|1910|2289|4739|5269|6781|7433|8706|9771|10608|10826|22822|23086|23348|114793|129642,ANXA3|CD14|CD74|CSF1|TSC22D3|EDNRB|FKBP5|NEDD9|SERPINB6|STC1|VIPR1|B3GALNT1|RAPGEF5|MXD4|FAXDC2|PHLDA1|EXPH5|DOCK9|FMNL2|MBOAT2,-6.3,0
1,-9.2,M39068,M1,1,0,Cell Type Signatures,7,MANNO MIDBRAIN NEUROTYPES HDA1,,-9.2,3,7.6,30211,584,680,40,5.9,0.9,40|1012|1272|2039|2823|4013|5063|5144|5178|5218|5575|5578|5774|6252|6328|6335|6447|6509|6571|8671|9213|9771|10178|10451|22875|22941|22983|22999|23158|23236|23671|23705|64753|84679|84978|114792|151473|254531|283209|401145,ASIC2|CDH13|CNTN1|DMTN|GPM6A|VWA5A|PAK3|PDE4D|PEG3|CDK14|PRKAR1B|PRKCA|PTPN3|RTN1|SCN3A|SCN9A|SCG5|SLC1A4|SLC18A2|SLC4A4|XPR1|RAPGEF5|TENM1|VAV3|ENPP4|SHANK2|MAST1|RIMS1|TBC1D9|PLCB1|TMEFF2|CADM1|CCDC136|SLC9A7|FRMD5|KLHL32|SLC16A14|LPCAT4|PGM2L1|CCSER1,-6.2,0
1,-9.1,M39128,M1,1,0,Cell Type Signatures,7,AIZARANI LIVER C29 MVECS 2,,-9.1,4,8,30211,313,680,28,4.1,0.76,476|928|1822|1839|1906|1948|2122|2149|2199|2317|2321|2823|3628|4739|4774|4860|5269|5793|6781|6867|7035|7099|7453|8727|9021|9052|23348|51293,ATP1A1|CD9|ATN1|HBEGF|EDN1|EFNB2|MECOM|F2R|FBLN2|FLNB|FLT1|GPM6A|INPP1|NEDD9|NFIA|PNP|SERPINB6|PTPRG|STC1|TACC1|TFPI|TLR4|WARS1|CTNNAL1|SOCS3|GPRC5A|DOCK9|CD320,-6.1,0
1,-9,M40212,M1,1,0,Cell Type Signatures,7,DESCARTES FETAL INTESTINE INTESTINAL EPITHELIAL CELLS,,-9,4.2,8.1,30211,276,680,26,3.8,0.74,1040|1080|1999|2150|2346|2705|3914|4129|5284|7433|8549|23120|54857|55503|55612|55630|55808|57379|57402|79838|79949|80201|80736|146439|153769|644150,CDS1|CFTR|ELF3|F2RL1|FOLH1|GJB1|LAMB3|MAOB|PIGR|VIPR1|LGR5|ATP10B|GDPD2|TRPV6|FERMT1|SLC39A4|ST6GALNAC1|AICDA|S100A14|TMC5|PLEKHS1|HKDC1|SLC44A4|BICDL2|SH3RF2|WIPF3,-6,0
1,-9,M41655,M1,1,0,Cell Type Signatures,7,TRAVAGLINI LUNG GOBLET CELL,,-9,5.7,8.7,30211,148,680,19,2.8,0.63,445|4257|5284|6565|8671|8702|10267|10406|25803|25825|53947|55808|65268|79679|79949|157506|171177|266977|284340,ASS1|MGST1|PIGR|SLC15A2|SLC4A4|B4GALT4|RAMP1|WFDC2|SPDEF|BACE2|A4GALT|ST6GALNAC1|WNK2|VTCN1|PLEKHS1|RDH10|RHOV|ADGRF1|CXCL17,-6,0
1,-8.8,M39052,M1,1,0,Cell Type Signatures,7,MANNO MIDBRAIN NEUROTYPES HOPC,,-8.8,3.6,7.7,30211,366,680,30,4.4,0.79,460|1272|1910|2823|2888|3625|3693|5270|5578|6328|6565|7145|7156|8549|9514|11153|11174|22822|22999|56171|64067|81618|81832|84239|84532|84632|84679|151246|151473|339479,ASTN1|CNTN1|EDNRB|GPM6A|GRB14|INHBB|ITGB5|SERPINE2|PRKCA|SCN3A|SLC15A2|TNS1|TOP3A|LGR5|GAL3ST1|FICD|ADAMTS6|PHLDA1|RIMS1|DNAH7|NPAS3|ITM2C|NETO1|ATP13A4|ACSS1|AFAP1L2|SLC9A7|SGO2|SLC16A14|BRINP3,-5.9,0
1,-8.8,M39074,M1,1,0,Cell Type Signatures,7,ZHONG PFC MAJOR TYPES ASTROCYTES,,-8.8,3.8,7.8,30211,325,680,28,4.1,0.76,18|214|928|1514|1910|1942|2199|2888|5269|5270|5654|6509|6520|6565|7035|7105|8671|10267|27131|51144|54857|81618|81628|84239|85315|91107|284111|339479,ABAT|ALCAM|CD9|CTSL|EDNRB|EFNA1|FBLN2|GRB14|SERPINB6|SERPINE2|HTRA1|SLC1A4|SLC3A2|SLC15A2|TFPI|TSPAN6|SLC4A4|RAMP1|SNX5|HSD17B12|GDPD2|ITM2C|TSC22D4|ATP13A4|PAQR8|TRIM47|SLC13A5|BRINP3,-5.9,0
1,-8.7,M39054,M1,1,0,Cell Type Signatures,7,MANNO MIDBRAIN NEUROTYPES HRGL2B,,-8.7,3.3,7.5,30211,440,680,33,4.9,0.82,18|1012|1825|1910|2890|3625|3693|3852|4036|4257|4774|5270|6299|6423|6536|7145|7476|8671|9388|9750|10788|11174|23493|54857|56171|56992|64067|79625|81628|84239|84532|151246|200162,ABAT|CDH13|DSC3|EDNRB|GRIA1|INHBB|ITGB5|KRT5|LRP2|MGST1|NFIA|SERPINE2|SALL1|SFRP2|SLC6A9|TNS1|WNT7A|SLC4A4|LIPG|RIPOR2|IQGAP2|ADAMTS6|HEY2|GDPD2|DNAH7|KIF15|NPAS3|NDNF|TSC22D4|ATP13A4|ACSS1|SGO2|SPAG17,-5.8,0
1,-8.4,M39231,M1,1,0,Cell Type Signatures,7,LAKE ADULT KIDNEY C12 THICK ASCENDING LIMB,,-8.4,3.5,7.4,30211,381,680,30,4.4,0.79,216|476|1773|2317|3693|3827|3993|4008|5774|6272|6382|6385|6430|6611|6647|6867|7368|8566|10451|10625|23236|23705|25825|55748|81618|84293|84532|92558|140469|340348,ALDH1A1|ATP1A1|DNASE1|FLNB|ITGB5|KNG1|LLGL2|LMO7|PTPN3|SORT1|SDC1|SDC4|SRSF5|SMS|SOD1|TACC1|UGT8|PDXK|VAV3|IVNS1ABP|PLCB1|CADM1|BACE2|CNDP2|ITM2C|PRXL2A|ACSS1|BICDL1|MYO3B|TSPAN33,-5.6,0
1,-8.2,M40010,M1,1,0,Cell Type Signatures,7,BUSSLINGER GASTRIC ISTHMUS CELLS,,-8.2,3.2,7.2,30211,458,680,33,4.9,0.82,476|489|1040|1948|1999|2317|3691|3880|3914|3925|3993|4008|5268|5874|6382|6385|7184|7263|8537|10008|10103|23022|25825|55603|55612|57402|57648|64065|81671|85315|114569|166824|254531,ATP1A1|ATP2A3|CDS1|EFNB2|ELF3|FLNB|ITGB4|KRT19|LAMB3|STMN1|LLGL2|LMO7|SERPINB5|RAB27B|SDC1|SDC4|HSP90B1|TST|BCAS1|KCNE3|TSPAN1|PALLD|BACE2|TENT5A|FERMT1|S100A14|KIAA1522|PERP|VMP1|PAQR8|MAL2|RASSF6|LPCAT4,-5.4,0
1,-8.2,M40021,M1,1,0,Cell Type Signatures,7,BUSSLINGER GASTRIC OXYNTIC ENTEROCHROMAFFIN LIKE CELLS,,-8.2,7.3,8.9,30211,85,680,14,2.1,0.54,216|1773|2651|4129|5265|5269|6447|6571|6833|9699|10406|11067|57221|91947,ALDH1A1|DNASE1|GCNT2|MAOB|SERPINA1|SERPINB6|SCG5|SLC18A2|ABCC8|RIMS2|WFDC2|DEPP1|ARFGEF3|ARRDC4,-5.4,0
1,-8.2,M39050,M1,1,0,Cell Type Signatures,7,MANNO MIDBRAIN NEUROTYPES HPERIC,,-8.2,2.6,6.8,30211,795,680,46,6.8,0.96,182|392|467|928|1004|1606|1831|1839|2149|2151|2289|2744|2852|2896|3693|3852|4217|4337|5187|5269|5549|5793|6251|6867|7035|7145|8395|9021|9771|10008|10404|10549|22822|23493|26301|54407|55603|55890|81578|81618|81628|84632|130814|133522|146556|162073,JAG1|ARHGAP1|ATF3|CD9|CDH6|DGKA|TSC22D3|HBEGF|F2R|F2RL2|FKBP5|GLS|GPER1|GRN|ITGB5|KRT5|MAP3K5|MOCS1|PER1|SERPINB6|PRELP|PTPRG|RSU1|TACC1|TFPI|TNS1|PIP5K1B|SOCS3|RAPGEF5|KCNE3|CPQ|PRDX4|PHLDA1|HEY2|GBGT1|SLC38A2|TENT5A|GPRC5C|COL21A1|ITM2C|TSC22D4|AFAP1L2|SLC66A3|PPARGC1B|C16orf89|ITPRIPL2,-5.4,0
1,-8.1,M39064,M1,1,0,Cell Type Signatures,7,MANNO MIDBRAIN NEUROTYPES HNBML1,,-8.1,3.7,7.3,30211,328,680,27,4,0.75,1813|2823|3925|5063|5187|5774|6252|6328|6447|7476|9170|9213|9750|9771|10178|22822|22983|23108|51062|57221|114792|153020|222950|254531|266722|283209|387914,DRD2|GPM6A|STMN1|PAK3|PER1|PTPN3|RTN1|SCN3A|SCG5|WNT7A|LPAR2|XPR1|RIPOR2|RAPGEF5|TENM1|PHLDA1|MAST1|RAP1GAP2|ATL1|ARFGEF3|KLHL32|RASGEF1B|NYAP1|LPCAT4|HS6ST3|PGM2L1|SHISA2,-5.3,0
1,-8,M39058,M1,1,0,Cell Type Signatures,7,MANNO MIDBRAIN NEUROTYPES HPROGM,,-8,3.8,7.4,30211,307,680,26,3.8,0.74,214|1824|3099|3796|4036|5800|6299|6385|6423|8842|9133|9388|9543|10788|23171|51313|54857|56171|56992|57167|64283|85004|114792|200162|205428|441631,ALCAM|DSC2|HK2|KIF2A|LRP2|PTPRO|SALL1|SDC4|SFRP2|PROM1|CCNB2|LIPG|IGDCC3|IQGAP2|GPD1L|GASK1B|GDPD2|DNAH7|KIF15|SALL4|ARHGEF28|RERG|KLHL32|SPAG17|DIPK2A|TSPAN11,-5.2,0
1,-7.7,M40004,M1,1,0,Cell Type Signatures,7,BUSSLINGER ESOPHAGEAL LATE SUPRABASAL CELLS,,-7.7,5.4,7.9,30211,140,680,17,2.5,0.6,978|1824|2896|5055|5493|6272|6382|7051|10158|29841|51228|51458|57402|64065|114569|144568|284340,CDA|DSC2|GRN|SERPINB2|PPL|SORT1|SDC1|TGM1|PDZK1IP1|GRHL1|GLTP|RHCG|S100A14|PERP|MAL2|A2ML1|CXCL17,-4.9,0
1,-7.6,M40145,M1,1,0,Cell Type Signatures,7,DESCARTES FETAL ADRENAL CSH1 CSH2 POSITIVE CELLS,,-7.6,4.3,7.4,30211,218,680,21,3.1,0.66,306|445|467|3691|3694|4036|5055|6382|8659|10256|11067|23086|25819|29841|54206|55283|57494|64065|79838|84879|166824,ANXA3|ASS1|ATF3|ITGB4|ITGB6|LRP2|SERPINB2|SDC1|ALDH4A1|CNKSR1|DEPP1|EXPH5|NOCT|GRHL1|ERRFI1|MCOLN3|RIMKLB|PERP|TMC5|MFSD2A|RASSF6,-4.8,0
1,-7.6,M40029,M1,1,0,Cell Type Signatures,7,BUSSLINGER DUODENAL MATURE ENTEROCYTES,,-7.6,3.9,7.2,30211,259,680,23,3.4,0.69,972|1606|1773|2317|3691|3914|4008|4311|5214|5265|5357|6520|9663|22848|28982|55503|55603|55630|57402|79838|80201|84879|201176,CD74|DGKA|DNASE1|FLNB|ITGB4|LAMB3|LMO7|MME|PFKP|SERPINA1|PLS1|SLC3A2|LPIN2|AAK1|FLVCR1|TRPV6|TENT5A|SLC39A4|S100A14|TMC5|HKDC1|MFSD2A|ARHGAP27,-4.8,0
1,-7.1,M39057,M1,1,0,Cell Type Signatures,7,MANNO MIDBRAIN NEUROTYPES HRGL1,,-7.1,3.3,6.7,30211,364,680,27,4,0.75,1602|3099|3625|4257|4774|4814|5800|6744|9388|9543|10560|11174|51313|54677|54857|55890|56171|57471|79625|81578|81628|84532|116931|144809|200162|205428|441631,DACH1|HK2|INHBB|MGST1|NFIA|NINJ1|PTPRO|ITPRID2|LIPG|IGDCC3|SLC19A2|ADAMTS6|GASK1B|CROT|GDPD2|GPRC5C|DNAH7|ERMN|NDNF|COL21A1|TSC22D4|ACSS1|MED12L|FAM216B|SPAG17|DIPK2A|TSPAN11,-4.4,0
1,-7.1,M39018,M1,1,0,Cell Type Signatures,7,FAN EMBRYONIC CTX BIG GROUPS BRAIN ENDOTHELIAL,,-7.1,3.3,6.7,30211,365,680,27,4,0.75,182|928|1004|1942|2122|2321|2852|5269|5549|6251|6513|6520|6867|7035|7145|8566|9771|29015|51293|57181|57488|79073|84293|84632|84879|93663|768211,JAG1|CD9|CDH6|EFNA1|MECOM|FLT1|GPER1|SERPINB6|PRELP|RSU1|SLC2A1|SLC3A2|TACC1|TFPI|TNS1|PDXK|RAPGEF5|SLC43A3|CD320|SLC39A10|ESYT2|TMEM109|PRXL2A|AFAP1L2|MFSD2A|ARHGAP18|RELL1,-4.4,0
1,-7.1,M39221,M1,1,0,Cell Type Signatures,7,LAKE ADULT KIDNEY C2 PODOCYTES,,-7.1,4.2,7.1,30211,212,680,20,2.9,0.65,1602|4311|5654|5800|8556|9863|10404|10788|23022|23086|55214|64067|79822|80005|85004|85461|114793|171019|259173|644150,DACH1|MME|HTRA1|PTPRO|CDC14A|MAGI2|CPQ|IQGAP2|PALLD|EXPH5|P3H2|NPAS3|ARHGAP28|DOCK5|RERG|TANC1|FMNL2|ADAMTS19|ALS2CL|WIPF3,-4.4,0
1,-7,M39066,M1,1,0,Cell Type Signatures,7,MANNO MIDBRAIN NEUROTYPES HNBML5,,-7,3,6.5,30211,465,680,31,4.6,0.8,321|1012|2039|2823|2890|5063|5099|5178|5800|6252|6328|9213|9699|9750|9771|10178|11153|22941|22983|22999|23108|23154|57221|84978|85369|116931|266722|283209|283554|286097|387914,APBA2|CDH13|DMTN|GPM6A|GRIA1|PAK3|PCDH7|PEG3|PTPRO|RTN1|SCN3A|XPR1|RIMS2|RIPOR2|RAPGEF5|TENM1|FICD|SHANK2|MAST1|RIMS1|RAP1GAP2|NCDN|ARFGEF3|FRMD5|STRIP1|MED12L|HS6ST3|PGM2L1|GPR137C|MICU3|SHISA2,-4.3,0
1,-7,M40292,M1,1,0,Cell Type Signatures,7,DESCARTES FETAL SPLEEN MESOTHELIAL CELLS,,-7,4.3,7.1,30211,195,680,19,2.8,0.63,467|1825|3852|3880|4036|5493|6423|7051|8671|9021|10158|10568|54507|55283|57221|114569|151246|153769|203859,ATF3|DSC3|KRT5|KRT19|LRP2|PPL|SFRP2|TGM1|SLC4A4|SOCS3|PDZK1IP1|SLC34A2|ADAMTSL4|MCOLN3|ARFGEF3|MAL2|SGO2|SH3RF2|ANO5,-4.3,0
1,-6.9,M41698,M1,1,0,Cell Type Signatures,7,TRAVAGLINI LUNG TREM2 DENDRITIC CELL,,-6.9,2.7,6.3,30211,572,680,35,5.1,0.85,214|216|231|467|475|717|928|929|972|1514|2896|3108|4257|4688|5214|5265|6009|6520|6611|7145|7453|8566|9123|10549|10673|23022|23191|23612|23643|26471|58475|84293|93663|114793|166929,ALCAM|ALDH1A1|AKR1B1|ATF3|ATOX1|C2|CD9|CD14|CD74|CTSL|GRN|HLA-DMA|MGST1|NCF2|PFKP|SERPINA1|RHEB|SLC3A2|SMS|TNS1|WARS1|PDXK|SLC16A3|PRDX4|TNFSF13B|PALLD|CYFIP1|PHLDA3|LY96|NUPR1|MS4A7|PRXL2A|ARHGAP18|FMNL2|SGMS2,-4.3,0
1,-6.9,M39209,M1,1,0,Cell Type Signatures,7,HAY BONE MARROW STROMAL,,-6.9,2.4,6.1,30211,765,680,42,6.2,0.92,182|445|467|1136|1272|1435|1910|1942|2070|3625|3693|3694|3929|4148|4188|4337|4828|5549|5654|5793|6833|7005|7035|9021|9052|10406|11067|23022|23612|26471|54206|55214|55691|56920|64283|79822|79949|81578|84879|91107|119587|146760,JAG1|ASS1|ATF3|CHRNA3|CNTN1|CSF1|EDNRB|EFNA1|EYA4|INHBB|ITGB5|ITGB6|LBP|MATN3|MDFI|MOCS1|NMB|PRELP|HTRA1|PTPRG|ABCC8|TEAD3|TFPI|SOCS3|GPRC5A|WFDC2|DEPP1|PALLD|PHLDA3|NUPR1|ERRFI1|P3H2|FRMD4A|SEMA3G|ARHGEF28|ARHGAP28|PLEKHS1|COL21A1|MFSD2A|TRIM47|CPXM2|RTN4RL1,-4.2,0
1,-6.8,M40234,M1,1,0,Cell Type Signatures,7,DESCARTES FETAL LIVER HEPATOBLASTS,,-6.8,2.8,6.3,30211,501,680,32,4.7,0.81,216|445|2118|2330|2705|3053|3484|3698|3827|3929|4129|4257|5167|5174|5265|5314|6299|6382|7429|8309|8659|9388|10178|22941|54206|55244|57662|64065|79589|80201|197257|284111,ALDH1A1|ASS1|ETV4|FMO5|GJB1|SERPIND1|IGFBP1|ITIH2|KNG1|LBP|MAOB|MGST1|ENPP1|PDZK1|SERPINA1|PKHD1|SALL1|SDC1|VIL1|ACOX2|ALDH4A1|LIPG|TENM1|SHANK2|ERRFI1|SLC47A1|CAMSAP3|PERP|RNF128|HKDC1|LDHD|SLC13A5,-4.2,0
1,-6.8,M39222,M1,1,0,Cell Type Signatures,7,LAKE ADULT KIDNEY C3 PROXIMAL TUBULE EPITHELIAL CELLS S1 S2,,-6.8,4,6.8,30211,221,680,20,2.9,0.65,2289|4036|4311|4774|5144|5218|5314|5793|6867|7145|8671|23224|23524|26037|51397|54206|55214|64283|80036|85004,FKBP5|LRP2|MME|NFIA|PDE4D|CDK14|PKHD1|PTPRG|TACC1|TNS1|SLC4A4|SYNE2|SRRM2|SIPA1L1|COMMD10|ERRFI1|P3H2|ARHGEF28|TRPM3|RERG,-4.2,0
1,-6.5,M39232,M1,1,0,Cell Type Signatures,7,LAKE ADULT KIDNEY C13 THICK ASCENDING LIMB,,-6.5,5.1,7.1,30211,131,680,15,2.2,0.56,476|2122|2289|3827|5314|6867|10451|23236|53353|54532|55366|65125|80014|92558|401145,ATP1A1|MECOM|FKBP5|KNG1|PKHD1|TACC1|VAV3|PLCB1|LRP1B|USP53|LGR4|WNK1|WWC2|BICDL1|CCSER1,-4,0
1,-6.5,M41662,M1,1,0,Cell Type Signatures,7,TRAVAGLINI LUNG ARTERY CELL,,-6.5,5.1,7.1,30211,131,680,15,2.2,0.56,476|1948|2122|2149|2199|3691|3925|5270|6751|6867|8727|23022|51144|56920|153020,ATP1A1|EFNB2|MECOM|F2R|FBLN2|ITGB4|STMN1|SERPINE2|SSTR1|TACC1|CTNNAL1|PALLD|HSD17B12|SEMA3G|RASGEF1B,-4,0
1,-6.5,M41679,M1,1,0,Cell Type Signatures,7,TRAVAGLINI LUNG MESOTHELIAL CELL,,-6.5,2.5,6,30211,649,680,37,5.4,0.87,306|475|717|972|1825|1942|1948|2150|2317|2589|3099|3108|3484|3852|3880|3925|4036|4257|5055|5265|6385|7051|7348|7453|8566|8727|9076|10158|10406|10673|22943|23643|54206|54972|84879|153830|157506,ANXA3|ATOX1|C2|CD74|DSC3|EFNA1|EFNB2|F2RL1|FLNB|GALNT1|HK2|HLA-DMA|IGFBP1|KRT5|KRT19|STMN1|LRP2|MGST1|SERPINB2|SERPINA1|SDC4|TGM1|UPK1B|WARS1|PDXK|CTNNAL1|CLDN1|PDZK1IP1|WFDC2|TNFSF13B|DKK1|LY96|ERRFI1|TMEM132A|MFSD2A|RNF145|RDH10,-4,0
1,-6.4,M39060,M1,1,0,Cell Type Signatures,7,MANNO MIDBRAIN NEUROTYPES HPROGFPL,,-6.4,3.3,6.3,30211,323,680,24,3.5,0.71,1824|3099|3796|4036|5800|6299|6382|6423|7476|8395|8727|8842|9133|9388|9543|11174|51053|51313|55890|56992|57167|151246|205428|441631,DSC2|HK2|KIF2A|LRP2|PTPRO|SALL1|SDC1|SFRP2|WNT7A|PIP5K1B|CTNNAL1|PROM1|CCNB2|LIPG|IGDCC3|ADAMTS6|GMNN|GASK1B|GPRC5C|KIF15|SALL4|SGO2|DIPK2A|TSPAN11,-3.9,0
1,-6.3,M40158,M1,1,0,Cell Type Signatures,7,DESCARTES FETAL CEREBELLUM VASCULAR ENDOTHELIAL CELLS,,-6.3,2.5,5.9,30211,633,680,36,5.3,0.86,978|1004|1831|1906|1942|2122|2150|2151|2321|2852|4148|4337|5549|6509|6513|6520|8884|10788|11067|23171|51293|54407|54567|55808|55890|56165|56920|57181|84879|93663|146556|153562|162466|259173|285025|100506658,CDA|CDH6|TSC22D3|EDN1|EFNA1|MECOM|F2RL1|F2RL2|FLT1|GPER1|MATN3|MOCS1|PRELP|SLC1A4|SLC2A1|SLC3A2|SLC5A6|IQGAP2|DEPP1|GPD1L|CD320|SLC38A2|DLL4|ST6GALNAC1|GPRC5C|TDRD1|SEMA3G|SLC39A10|MFSD2A|ARHGAP18|C16orf89|MARVELD2|PHOSPHO1|ALS2CL|CCDC141|OCLN,-3.8,0
1,-6.3,M41697,M1,1,0,Cell Type Signatures,7,TRAVAGLINI LUNG EREG DENDRITIC CELL,,-6.3,2.6,5.9,30211,579,680,34,5,0.84,214|467|475|929|972|1514|1839|1880|2289|3108|4688|4814|4860|5467|6385|6533|7057|7099|8566|9021|9123|10043|10105|10625|10673|11010|23643|26037|29015|54532|57222|58475|93663|153830,ALCAM|ATF3|ATOX1|CD14|CD74|CTSL|HBEGF|GPR183|FKBP5|HLA-DMA|NCF2|NINJ1|PNP|PPARD|SDC4|SLC6A6|THBS1|TLR4|PDXK|SOCS3|SLC16A3|TOM1|PPIF|IVNS1ABP|TNFSF13B|GLIPR1|LY96|SIPA1L1|SLC43A3|USP53|ERGIC1|MS4A7|ARHGAP18|RNF145,-3.8,0
1,-6.3,M39303,M1,1,0,Cell Type Signatures,7,CUI DEVELOPING HEART C6 EPICARDIAL CELL,,-6.3,4.1,6.6,30211,195,680,18,2.6,0.62,306|445|2823|3880|4036|4257|5493|5654|6447|7051|7348|8671|9076|10158|26471|85004|92558|114569,ANXA3|ASS1|GPM6A|KRT19|LRP2|MGST1|PPL|HTRA1|SCG5|TGM1|UPK1B|SLC4A4|CLDN1|PDZK1IP1|NUPR1|RERG|BICDL1|MAL2,-3.8,0
1,-6.3,M41690,M1,1,0,Cell Type Signatures,7,TRAVAGLINI LUNG BASOPHIL MAST 2 CELL,,-6.3,2.7,6,30211,502,680,31,4.6,0.8,216|928|1435|2581|3880|3925|4013|4129|4739|4814|5269|5578|5874|5899|6430|6571|9021|23022|23564|25825|27131|29015|51144|54532|55603|81618|81671|93663|136306|153020|153830,ALDH1A1|CD9|CSF1|GALC|KRT19|STMN1|VWA5A|MAOB|NEDD9|NINJ1|SERPINB6|PRKCA|RAB27B|RALB|SRSF5|SLC18A2|SOCS3|PALLD|DDAH2|BACE2|SNX5|SLC43A3|HSD17B12|USP53|TENT5A|ITM2C|VMP1|ARHGAP18|SVOPL|RASGEF1B|RNF145,-3.8,0
1,-6.3,M39223,M1,1,0,Cell Type Signatures,7,LAKE ADULT KIDNEY C4 PROXIMAL TUBULE EPITHELIAL CELLS S2,,-6.3,4.3,6.6,30211,176,680,17,2.5,0.6,1004|2289|2744|4036|4774|5144|5218|5314|5793|9693|23224|26037|54206|55214|64084|85004|114793,CDH6|FKBP5|GLS|LRP2|NFIA|PDE4D|CDK14|PKHD1|PTPRG|RAPGEF2|SYNE2|SIPA1L1|ERRFI1|P3H2|CLSTN2|RERG|FMNL2,-3.8,0
1,-6.2,M39061,M1,1,0,Cell Type Signatures,7,MANNO MIDBRAIN NEUROTYPES HPROGFPM,,-6.2,3.1,6.1,30211,356,680,25,3.7,0.72,1824|3099|3796|3880|3925|4036|5800|6299|6382|6423|8549|8727|8842|9133|9543|11174|23224|51053|51313|51809|55890|56992|57167|151246|205428,DSC2|HK2|KIF2A|KRT19|STMN1|LRP2|PTPRO|SALL1|SDC1|SFRP2|LGR5|CTNNAL1|PROM1|CCNB2|IGDCC3|ADAMTS6|SYNE2|GMNN|GASK1B|GALNT7|GPRC5C|KIF15|SALL4|SGO2|DIPK2A,-3.7,0
1,-6.2,M40228,M1,1,0,Cell Type Signatures,7,DESCARTES FETAL LIVER MESOTHELIAL CELLS,,-6.2,3.3,6.2,30211,310,680,23,3.4,0.69,467|1080|1825|3691|3880|4036|4355|5493|5654|7051|8671|10158|10568|23022|23612|54972|56171|57221|79983|81578|81832|93517|266722,ATF3|CFTR|DSC3|ITGB4|KRT19|LRP2|MPP2|PPL|HTRA1|TGM1|SLC4A4|PDZK1IP1|SLC34A2|PALLD|PHLDA3|TMEM132A|DNAH7|ARFGEF3|POF1B|COL21A1|NETO1|SDR42E1|HS6ST3,-3.7,0
1,-6.1,M39225,M1,1,0,Cell Type Signatures,7,LAKE ADULT KIDNEY C6 PROXIMAL TUBULE EPITHELIAL CELLS FIBRINOGEN POS S3,,-6.1,4.2,6.5,30211,181,680,17,2.5,0.6,1004|1514|4036|4257|4774|5265|5270|6647|7035|10158|10568|23007|23224|26037|55748|81671|114793,CDH6|CTSL|LRP2|MGST1|NFIA|SERPINA1|SERPINE2|SOD1|TFPI|PDZK1IP1|SLC34A2|PLCH1|SYNE2|SIPA1L1|CNDP2|VMP1|FMNL2,-3.6,0
1,-6.1,M39176,M1,1,0,Cell Type Signatures,7,MURARO PANCREAS ENDOTHELIAL CELL,,-6.1,3.1,6,30211,362,680,25,3.7,0.72,182|928|1942|1948|2122|2149|2321|4613|4739|4860|5154|5214|5654|6251|6781|7057|9021|11138|51313|54407|55691|56920|162073|283209|768211,JAG1|CD9|EFNA1|EFNB2|MECOM|F2R|FLT1|MYCN|NEDD9|PNP|PDGFA|PFKP|HTRA1|RSU1|STC1|THBS1|SOCS3|TBC1D8|GASK1B|SLC38A2|FRMD4A|SEMA3G|ITPRIPL2|PGM2L1|RELL1,-3.6,0
1,-6.1,M40013,M1,1,0,Cell Type Signatures,7,BUSSLINGER GASTRIC MATURE PIT CELLS,,-6.1,3.8,6.3,30211,224,680,19,2.8,0.63,489|1824|1948|1999|2317|3880|3914|4008|7263|8537|10103|10105|54101|55603|57402|79589|85315|114569|100506658,ATP2A3|DSC2|EFNB2|ELF3|FLNB|KRT19|LAMB3|LMO7|TST|BCAS1|TSPAN1|PPIF|RIPK4|TENT5A|S100A14|RNF128|PAQR8|MAL2|OCLN,-3.6,0
1,-6,M39114,M1,1,0,Cell Type Signatures,7,AIZARANI LIVER C10 MVECS 1,,-6,3.5,6.2,30211,269,680,21,3.1,0.66,928|1822|1906|1910|1948|2149|2199|2317|2321|3628|4739|4774|5269|5793|6867|7145|7453|9021|23348|51293|51313,CD9|ATN1|EDN1|EDNRB|EFNB2|F2R|FBLN2|FLNB|FLT1|INPP1|NEDD9|NFIA|SERPINB6|PTPRG|TACC1|TNS1|WARS1|SOCS3|DOCK9|CD320|GASK1B,-3.6,0
1,-5.9,M39224,M1,1,0,Cell Type Signatures,7,LAKE ADULT KIDNEY C5 PROXIMAL TUBULE EPITHELIAL CELLS STRESS INFLAM,,-5.9,2.9,5.9,30211,417,680,27,4,0.75,18|445|1272|2289|2651|4036|4129|4311|4324|5076|5144|5793|7145|8671|9699|22941|23524|53373|55244|55603|55691|57628|80036|92558|114569|133121|153020,ABAT|ASS1|CNTN1|FKBP5|GCNT2|LRP2|MAOB|MME|MMP15|PAX2|PDE4D|PTPRG|TNS1|SLC4A4|RIMS2|SHANK2|SRRM2|TPCN1|SLC47A1|TENT5A|FRMD4A|DPP10|TRPM3|BICDL1|MAL2|ENPP6|RASGEF1B,-3.5,0
1,-5.9,M41713,M1,1,0,Cell Type Signatures,7,FAN OVARY CL11 MURAL GRANULOSA CELL,,-5.9,2.8,5.8,30211,443,680,28,4.1,0.76,467|2888|4200|4519|5270|5732|6009|6611|7057|7105|8727|9456|10625|22822|23224|23493|23564|51053|51313|55214|55366|55603|57494|80014|81671|93663|205428|644150,ATF3|GRB14|ME2|CYTB|SERPINE2|PTGER2|RHEB|SMS|THBS1|TSPAN6|CTNNAL1|HOMER1|IVNS1ABP|PHLDA1|SYNE2|HEY2|DDAH2|GMNN|GASK1B|P3H2|LGR4|TENT5A|RIMKLB|WWC2|VMP1|ARHGAP18|DIPK2A|WIPF3,-3.5,0
1,-5.9,M40192,M1,1,0,Cell Type Signatures,7,DESCARTES FETAL HEART EPICARDIAL FAT CELLS,,-5.9,5.3,6.8,30211,110,680,13,1.9,0.53,540|1080|3852|4036|6545|7051|7348|8671|9076|10158|57718|114569|164781,ATP7B|CFTR|KRT5|LRP2|SLC7A4|TGM1|UPK1B|SLC4A4|CLDN1|PDZK1IP1|PPP4R4|MAL2|DAW1,-3.5,0
1,-5.9,M39099,M1,1,0,Cell Type Signatures,7,ZHONG PFC C4 PTGDS POS OPC,,-5.9,4.5,6.5,30211,147,680,15,2.2,0.56,598|5099|5274|5800|7368|8537|23671|23705|55198|55691|79932|81628|84899|133121|153020,BCL2L1|PCDH7|SERPINI1|PTPRO|UGT8|BCAS1|TMEFF2|CADM1|APPL2|FRMD4A|KIAA0319L|TSC22D4|TMTC4|ENPP6|RASGEF1B,-3.5,0
1,-5.7,M39122,M1,1,0,Cell Type Signatures,7,AIZARANI LIVER C21 STELLATE CELLS 1,,-5.7,3.9,6.1,30211,194,680,17,2.5,0.6,216|1822|1910|2199|3693|4774|5549|7057|7145|9021|11067|22822|23022|54407|81618|119587|125050,ALDH1A1|ATN1|EDNRB|FBLN2|ITGB5|NFIA|PRELP|THBS1|TNS1|SOCS3|DEPP1|PHLDA1|PALLD|SLC38A2|ITM2C|CPXM2|RN7SK,-3.3,0
1,-5.7,M39210,M1,1,0,Cell Type Signatures,7,ZHENG CORD BLOOD C1 PUTATIVE MEGAKARYOCYTE PROGENITOR,,-5.7,5.4,6.7,30211,98,680,12,1.8,0.5,928|1948|2039|5154|5874|7057|10008|10105|55907|80230|93663|148932,CD9|EFNB2|DMTN|PDGFA|RAB27B|THBS1|KCNE3|PPIF|CMAS|RUFY1|ARHGAP18|MOB3C,-3.3,0
1,-5.6,M39295,M1,1,0,Cell Type Signatures,7,DURANTE ADULT OLFACTORY NEUROEPITHELIUM OLFACTORY MICROVILLAR CELLS,,-5.6,7.5,7.2,30211,53,680,9,1.3,0.44,231|928|1080|4257|6611|10655|10677|166824|389658,AKR1B1|CD9|CFTR|MGST1|SMS|DMRT2|AVIL|RASSF6|ALKAL1,-3.2,0
1,-5.5,M39077,M1,1,0,Cell Type Signatures,7,ZHONG PFC MAJOR TYPES MICROGLIA,,-5.5,2.7,5.6,30211,438,680,27,4,0.75,182|717|929|972|1514|1831|1880|2589|2896|4814|5265|5269|5654|6299|6867|7099|9663|11010|23191|23643|55198|55214|55691|58475|81618|81671|116931,JAG1|C2|CD14|CD74|CTSL|TSC22D3|GPR183|GALNT1|GRN|NINJ1|SERPINA1|SERPINB6|HTRA1|SALL1|TACC1|TLR4|LPIN2|GLIPR1|CYFIP1|LY96|APPL2|P3H2|FRMD4A|MS4A7|ITM2C|VMP1|MED12L,-3.2,0
1,-5.5,M39271,M1,1,0,Cell Type Signatures,7,HU FETAL RETINA RPE,,-5.5,3.2,5.7,30211,292,680,21,3.1,0.66,2589|4257|4519|4540|6513|6520|6867|8671|8727|8884|9388|10788|25825|55890|57464|80036|84293|84735|119587|200150|340146,GALNT1|MGST1|CYTB|ND5|SLC2A1|SLC3A2|TACC1|SLC4A4|CTNNAL1|SLC5A6|LIPG|IQGAP2|BACE2|GPRC5C|STRIP2|TRPM3|PRXL2A|CNDP1|CPXM2|PLD5|SLC35D3,-3.1,0
1,-5.3,M40138,M1,1,0,Cell Type Signatures,7,DESCARTES MAIN FETAL PARIETAL AND CHIEF CELLS,,-5.3,4.6,6.2,30211,125,680,13,1.9,0.53,2651|3099|5827|9992|10560|22822|23108|26301|55890|64283|64850|133522|151556,GCNT2|HK2|PXMP2|KCNE2|SLC19A2|PHLDA1|RAP1GAP2|GBGT1|GPRC5C|ARHGEF28|ETNPPL|PPARGC1B|GPR155,-3,0
1,-5.3,M41689,M1,1,0,Cell Type Signatures,7,TRAVAGLINI LUNG BASOPHIL MAST 1 CELL,,-5.3,3.2,5.6,30211,276,680,20,2.9,0.65,216|928|1435|2581|3880|3925|4013|4129|5874|5899|6571|25825|27131|29015|51144|57648|81618|81671|93663|136306,ALDH1A1|CD9|CSF1|GALC|KRT19|STMN1|VWA5A|MAOB|RAB27B|RALB|SLC18A2|BACE2|SNX5|SLC43A3|HSD17B12|KIAA1522|ITM2C|VMP1|ARHGAP18|SVOPL,-3,0
1,-5.3,M40012,M1,1,0,Cell Type Signatures,7,BUSSLINGER GASTRIC IMMATURE PIT CELLS,,-5.3,4,5.9,30211,165,680,15,2.2,0.56,1824|1948|2317|3691|3880|4008|5874|7263|8537|10103|55603|57402|64065|114569|166824,DSC2|EFNB2|FLNB|ITGB4|KRT19|LMO7|RAB27B|TST|BCAS1|TSPAN1|TENT5A|S100A14|PERP|MAL2|RASSF6,-3,0
1,-5.3,M39270,M1,1,0,Cell Type Signatures,7,HU FETAL RETINA RPC,,-5.3,5,6.3,30211,107,680,12,1.8,0.5,216|2009|4036|5099|6423|8549|9133|51053|55366|222663|338917|387914,ALDH1A1|EML1|LRP2|PCDH7|SFRP2|LGR5|CCNB2|GMNN|LGR4|SCUBE3|VSX2|SHISA2,-3,0
1,-5.1,M39155,M1,1,0,Cell Type Signatures,7,GAO LARGE INTESTINE 24W C5 LGR5POS STEM CELL,,-5.1,6.7,6.7,30211,60,680,9,1.3,0.44,1080|2150|2705|4257|8549|9388|23120|130399|146556,CFTR|F2RL1|GJB1|MGST1|LGR5|LIPG|ATP10B|ACVR1C|C16orf89,-2.8,0
1,-5.1,M40019,M1,1,0,Cell Type Signatures,7,BUSSLINGER GASTRIC X CELLS,,-5.1,3.7,5.7,30211,191,680,16,2.4,0.58,216|445|467|1822|2317|4129|5167|5265|5269|6833|9543|9699|11067|55198|57221|91947,ALDH1A1|ASS1|ATF3|ATN1|FLNB|MAOB|ENPP1|SERPINA1|SERPINB6|ABCC8|IGDCC3|RIMS2|DEPP1|APPL2|ARFGEF3|ARRDC4,-2.8,0
1,-5.1,M39234,M1,1,0,Cell Type Signatures,7,LAKE ADULT KIDNEY C15 CONNECTING TUBULE,,-5.1,3.9,5.8,30211,171,680,15,2.2,0.56,1602|2122|2744|5099|5144|5314|5578|10451|22848|51397|53353|55366|65125|80036|401145,DACH1|MECOM|GLS|PCDH7|PDE4D|PKHD1|PRKCA|VAV3|AAK1|COMMD10|LRP1B|LGR4|WNK1|TRPM3|CCSER1,-2.8,0
1,-5.1,M39321,M1,1,0,Cell Type Signatures,7,CUI DEVELOPING HEART VASCULAR ENDOTHELIAL CELL,,-5.1,3.7,5.7,30211,193,680,16,2.4,0.58,216|445|2122|2199|2896|5187|5270|5654|11067|51144|51293|51313|51604|55603|80310|119587,ALDH1A1|ASS1|MECOM|FBLN2|GRN|PER1|SERPINE2|HTRA1|DEPP1|HSD17B12|CD320|GASK1B|PIGT|TENT5A|PDGFD|CPXM2,-2.8,0
1,-5.1,M39256,M1,1,0,Cell Type Signatures,7,MENON FETAL KIDNEY 6 COLLECTING DUCT CELLS,,-5.1,5.2,6.2,30211,94,680,11,1.6,0.48,216|231|928|1948|2122|3880|6781|10406|10625|114569|157506,ALDH1A1|AKR1B1|CD9|EFNB2|MECOM|KRT19|STC1|WFDC2|IVNS1ABP|MAL2|RDH10,-2.8,0
1,-5,M39278,M1,1,0,Cell Type Signatures,7,DURANTE ADULT OLFACTORY NEUROEPITHELIUM SUSTENTACULAR CELLS,,-5,7.6,6.8,30211,47,680,8,1.2,0.41,1999|3880|4257|5284|10103|10406|57402|284340,ELF3|KRT19|MGST1|PIGR|TSPAN1|WFDC2|S100A14|CXCL17,-2.8,0
1,-5,M39236,M1,1,0,Cell Type Signatures,7,LAKE ADULT KIDNEY C17 COLLECTING SYSTEM PCS STRESSED DISSOC SUBSET,,-5,3.3,5.5,30211,240,680,18,2.6,0.62,467|1999|2122|2744|3880|5144|5578|7184|9693|10560|22848|23022|25825|53353|57488|81537|81671|401145,ATF3|ELF3|MECOM|GLS|KRT19|PDE4D|PRKCA|HSP90B1|RAPGEF2|SLC19A2|AAK1|PALLD|BACE2|LRP1B|ESYT2|SGPP1|VMP1|CCSER1,-2.8,0
1,-5,M39073,M1,1,0,Cell Type Signatures,7,MANNO MIDBRAIN NEUROTYPES HOMTN,,-5,2.7,5.2,30211,389,680,24,3.5,0.71,214|1136|1602|2039|3925|4355|5099|6252|6328|6335|6447|6509|6769|6833|9771|22983|23236|23705|51062|57221|81832|84253|151556|222950,ALCAM|CHRNA3|DACH1|DMTN|STMN1|MPP2|PCDH7|RTN1|SCN3A|SCN9A|SCG5|SLC1A4|STAC|ABCC8|RAPGEF5|MAST1|PLCB1|CADM1|ATL1|ARFGEF3|NETO1|GARNL3|GPR155|NYAP1,-2.8,0
1,-5,M41700,M1,1,0,Cell Type Signatures,7,TRAVAGLINI LUNG OLR1 CLASSICAL MONOCYTE CELL,,-5,2.2,5,30211,726,680,36,5.3,0.86,467|476|929|1514|1839|1880|2289|2321|4688|4814|4860|5265|5732|6533|6611|7057|7099|7453|8566|8837|9021|9120|9123|9693|10043|10105|10625|23191|23312|23643|26037|29015|57222|58475|153830|162073,ATF3|ATP1A1|CD14|CTSL|HBEGF|GPR183|FKBP5|FLT1|NCF2|NINJ1|PNP|SERPINA1|PTGER2|SLC6A6|SMS|THBS1|TLR4|WARS1|PDXK|CFLAR|SOCS3|SLC16A6|SLC16A3|RAPGEF2|TOM1|PPIF|IVNS1ABP|CYFIP1|DMXL2|LY96|SIPA1L1|SLC43A3|ERGIC1|MS4A7|RNF145|ITPRIPL2,-2.7,0
1,-4.9,M39187,M1,1,0,Cell Type Signatures,7,HAY BONE MARROW CD34 POS MKP,,-4.9,6.3,6.4,30211,63,680,9,1.3,0.44,306|1004|1948|6571|6769|10105|22943|84620|116931,ANXA3|CDH6|EFNB2|SLC18A2|STAC|PPIF|DKK1|ST6GAL2|MED12L,-2.7,0
1,-4.7,M39059,M1,1,0,Cell Type Signatures,7,MANNO MIDBRAIN NEUROTYPES HPROGBP,,-4.7,3,5.2,30211,300,680,20,2.9,0.65,1824|2199|3099|3796|4036|6299|6423|7476|8549|8727|9133|9543|51053|54677|55630|56992|57167|151246|284217|387914,DSC2|FBLN2|HK2|KIF2A|LRP2|SALL1|SFRP2|WNT7A|LGR5|CTNNAL1|CCNB2|IGDCC3|GMNN|CROT|SLC39A4|KIF15|SALL4|SGO2|LAMA1|SHISA2,-2.6,0
1,-4.7,M41705,M1,1,0,Cell Type Signatures,7,FAN OVARY CL3 MATURE CUMULUS GRANULOSA CELL 1,,-4.7,3.1,5.2,30211,254,680,18,2.6,0.62,2888|3925|4129|4519|4540|5178|5270|5654|6611|7057|7105|10549|10625|23224|23564|29980|51313|644150,GRB14|STMN1|MAOB|CYTB|ND5|PEG3|SERPINE2|HTRA1|SMS|THBS1|TSPAN6|PRDX4|IVNS1ABP|SYNE2|DDAH2|DONSON|GASK1B|WIPF3,-2.5,0
1,-4.7,M39113,M1,1,0,Cell Type Signatures,7,AIZARANI LIVER C9 LSECS 1,,-4.7,2.9,5.1,30211,304,680,20,2.9,0.65,929|1012|1514|1906|1948|2149|2317|2321|2589|4200|6781|6867|7035|7184|7453|9021|9771|23348|27131|85461,CD14|CDH13|CTSL|EDN1|EFNB2|F2R|FLNB|FLT1|GALNT1|ME2|STC1|TACC1|TFPI|HSP90B1|WARS1|SOCS3|RAPGEF5|DOCK9|SNX5|TANC1,-2.5,0
1,-4.7,M39233,M1,1,0,Cell Type Signatures,7,LAKE ADULT KIDNEY C14 DISTAL CONVOLUTED TUBULE,,-4.7,3.4,5.3,30211,208,680,16,2.4,0.58,1602|2122|2888|3827|5218|5314|5793|6867|10451|10625|23705|51397|53353|55366|65125|401145,DACH1|MECOM|GRB14|KNG1|CDK14|PKHD1|PTPRG|TACC1|VAV3|IVNS1ABP|CADM1|COMMD10|LRP1B|LGR4|WNK1|CCSER1,-2.5,0
1,-4.6,M39051,M1,1,0,Cell Type Signatures,7,MANNO MIDBRAIN NEUROTYPES HMGL,,-4.6,2.3,4.8,30211,577,680,30,4.4,0.79,467|929|972|1435|1514|1880|2289|2896|3852|4217|4688|4814|5578|5654|6239|7099|8671|10008|10105|11010|23191|23643|55214|55603|58475|85315|148932|153020|162073|203522,ATF3|CD14|CD74|CSF1|CTSL|GPR183|FKBP5|GRN|KRT5|MAP3K5|NCF2|NINJ1|PRKCA|HTRA1|RREB1|TLR4|SLC4A4|KCNE3|PPIF|GLIPR1|CYFIP1|LY96|P3H2|TENT5A|MS4A7|PAQR8|MOB3C|RASGEF1B|ITPRIPL2|INTS6L,-2.5,0
1,-4.6,M39247,M1,1,0,Cell Type Signatures,7,LAKE ADULT KIDNEY C28 INTERSTITIUM,,-4.6,5.2,5.9,30211,86,680,10,1.5,0.46,1602|4217|4774|5578|6867|7057|23022|54532|81671|85004,DACH1|MAP3K5|NFIA|PRKCA|TACC1|THBS1|PALLD|USP53|VMP1|RERG,-2.5,0
1,-4.6,M40287,M1,1,0,Cell Type Signatures,7,DESCARTES FETAL SPLEEN AFP ALB POSITIVE CELLS,,-4.6,3.5,5.3,30211,188,680,15,2.2,0.56,717|2330|2705|3053|3484|3698|3827|3929|4257|5265|5314|6382|8659|64065|284111,C2|FMO5|GJB1|SERPIND1|IGFBP1|ITIH2|KNG1|LBP|MGST1|SERPINA1|PKHD1|SDC1|ALDH4A1|PERP|SLC13A5,-2.5,0
1,-4.6,M41677,M1,1,0,Cell Type Signatures,7,TRAVAGLINI LUNG LIPOFIBROBLAST CELL,,-4.6,4,5.4,30211,146,680,13,1.9,0.53,972|1491|3099|5270|9021|9052|9456|10560|22822|54206|57488|80055|157506,CD74|CTH|HK2|SERPINE2|SOCS3|GPRC5A|HOMER1|SLC19A2|PHLDA1|ERRFI1|ESYT2|PGAP1|RDH10,-2.4,0
1,-4.4,M39310,M1,1,0,Cell Type Signatures,7,CUI DEVELOPING HEART TRABECULAR VENTRICULAR CARDIOMYOCYTE,,-4.4,4.4,5.5,30211,110,680,11,1.6,0.48,306|1839|3880|4257|6513|6520|11067|51053|51293|51397|80310,ANXA3|HBEGF|KRT19|MGST1|SLC2A1|SLC3A2|DEPP1|GMNN|CD320|COMMD10|PDGFD,-2.3,0
1,-4.3,M39245,M1,1,0,Cell Type Signatures,7,LAKE ADULT KIDNEY C26 MESANGIAL CELLS,,-4.3,3.5,5.1,30211,177,680,14,2.1,0.54,4008|4217|5578|5793|6867|7145|8395|9693|9771|23022|54407|54532|55691|65125,LMO7|MAP3K5|PRKCA|PTPRG|TACC1|TNS1|PIP5K1B|RAPGEF2|RAPGEF5|PALLD|SLC38A2|USP53|FRMD4A|WNK1,-2.2,0
1,-4.3,M41678,M1,1,0,Cell Type Signatures,7,TRAVAGLINI LUNG PERICYTE CELL,,-4.3,4.3,5.3,30211,114,680,11,1.6,0.48,1004|1608|2149|4148|6272|6867|23236|23705|64065|81618|84632,CDH6|DGKG|F2R|MATN3|SORT1|TACC1|PLCB1|CADM1|PERP|ITM2C|AFAP1L2,-2.2,0
1,-4.3,M41692,M1,1,0,Cell Type Signatures,7,TRAVAGLINI LUNG MACROPHAGE CELL,,-4.3,3.3,5,30211,201,680,15,2.2,0.56,928|972|1514|1839|2896|4257|4688|5265|6385|6769|26471|55748|58475|114793|153020,CD9|CD74|CTSL|HBEGF|GRN|MGST1|NCF2|SERPINA1|SDC4|STAC|NUPR1|CNDP2|MS4A7|FMNL2|RASGEF1B,-2.2,0
1,-4.3,M39304,M1,1,0,Cell Type Signatures,7,CUI DEVELOPING HEART C7 MAST CELL,,-4.3,3.7,5.1,30211,156,680,13,1.9,0.53,216|489|1831|3099|4013|4860|6571|8459|25825|27131|55603|81671|93663,ALDH1A1|ATP2A3|TSC22D3|HK2|VWA5A|PNP|SLC18A2|TPST2|BACE2|SNX5|TENT5A|VMP1|ARHGAP18,-2.2,0
1,-4.2,M41657,M1,1,0,Cell Type Signatures,7,TRAVAGLINI LUNG SEROUS CELL,,-4.2,4.7,5.4,30211,95,680,10,1.5,0.46,489|5284|6252|6947|8538|10406|22822|27347|57535|284340,ATP2A3|PIGR|RTN1|TCN1|BARX2|WFDC2|PHLDA1|STK39|ELAPOR1|CXCL17,-2.2,0
1,-4.2,M40001,M1,1,0,Cell Type Signatures,7,BUSSLINGER ESOPHAGEAL QUIESCENT BASAL CELLS,,-4.2,5.2,5.6,30211,77,680,9,1.3,0.44,445|3691|3880|3914|5270|6509|7145|9021|23224,ASS1|ITGB4|KRT19|LAMB3|SERPINE2|SLC1A4|TNS1|SOCS3|SYNE2,-2.2,0
1,-4.2,M41745,M1,1,0,Cell Type Signatures,7,RUBENSTEIN SKELETAL MUSCLE FAP CELLS,,-4.2,3.5,5,30211,179,680,14,2.1,0.54,216|231|1831|2199|4257|4311|4774|7035|7184|10404|10549|23564|26471|130814,ALDH1A1|AKR1B1|TSC22D3|FBLN2|MGST1|MME|NFIA|TFPI|HSP90B1|CPQ|PRDX4|DDAH2|NUPR1|SLC66A3,-2.2,0
1,-4.2,M40171,M1,1,0,Cell Type Signatures,7,DESCARTES FETAL CEREBRUM ASTROCYTES,,-4.2,3.3,5,30211,203,680,15,2.2,0.56,2660|5276|8671|54857|56171|64850|80000|80201|119587|133690|144809|151790|164781|169044|284111,MSTN|SERPINI2|SLC4A4|GDPD2|DNAH7|ETNPPL|GREB1L|HKDC1|CPXM2|CAPSL|FAM216B|WDR49|DAW1|COL22A1|SLC13A5,-2.2,0
1,-4.1,M40237,M1,1,0,Cell Type Signatures,7,DESCARTES FETAL LUNG SQUAMOUS EPITHELIAL CELLS,,-4.1,3.2,4.9,30211,206,680,15,2.2,0.56,1824|3880|5055|5268|5493|23120|23612|29841|51228|51458|64065|79983|144568|266977|284340,DSC2|KRT19|SERPINB2|SERPINB5|PPL|ATP10B|PHLDA3|GRHL1|GLTP|RHCG|PERP|POF1B|A2ML1|ADGRF1|CXCL17,-2.1,0
1,-4.1,M39017,M1,1,0,Cell Type Signatures,7,FAN EMBRYONIC CTX BIG GROUPS CAJAL RETZIUS,,-4.1,2.3,4.5,30211,499,680,26,3.8,0.74,664|1592|2199|4324|5178|5214|5218|5493|6009|6447|6647|9899|23154|23612|26471|51144|51523|57535|64065|64084|79625|81618|166824|339479|340348|387914,BNIP3|CYP26A1|FBLN2|MMP15|PEG3|PFKP|CDK14|PPL|RHEB|SCG5|SOD1|SV2B|NCDN|PHLDA3|NUPR1|HSD17B12|CXXC5|ELAPOR1|PERP|CLSTN2|NDNF|ITM2C|RASSF6|BRINP3|TSPAN33|SHISA2,-2.1,0
1,-4.1,M39273,M1,1,0,Cell Type Signatures,7,DURANTE ADULT OLFACTORY NEUROEPITHELIUM RESPIRATORY HORIZONTAL BASAL CELLS,,-4.1,8.1,6.2,30211,33,680,6,0.88,0.36,928|1999|3852|3880|5268|64065,CD9|ELF3|KRT5|KRT19|SERPINB5|PERP,-2.1,0
1,-4,M39147,M1,1,0,Cell Type Signatures,7,GAO SMALL INTESTINE 24W C3 ENTEROCYTE PROGENITOR SUBTYPE 1,,-4,6.5,5.8,30211,48,680,7,1,0.39,2650|4257|5283|6513|22875|79983|197258,GCNT1|MGST1|PIGH|SLC2A1|ENPP4|POF1B|FCSK,-2,0
1,-4,M41651,M1,1,0,Cell Type Signatures,7,TRAVAGLINI LUNG BASAL CELL,,-4,3.3,4.8,30211,188,680,14,2.1,0.54,928|3038|3691|3852|3914|5268|6520|9076|23022|29015|51228|54407|64065|90019,CD9|HAS3|ITGB4|KRT5|LAMB3|SERPINB5|SLC3A2|CLDN1|PALLD|SLC43A3|GLTP|SLC38A2|PERP|SYT8,-2,0
1,-4,M40162,M1,1,0,Cell Type Signatures,7,DESCARTES FETAL CEREBELLUM ASTROCYTES,,-4,3.5,4.9,30211,166,680,13,1.9,0.53,1592|2660|4257|5276|8671|9388|54857|55603|56171|144809|151790|164781|169044,CYP26A1|MSTN|MGST1|SERPINI2|SLC4A4|LIPG|GDPD2|TENT5A|DNAH7|FAM216B|WDR49|DAW1|COL22A1,-2,0
1,-4,M40020,M1,1,0,Cell Type Signatures,7,BUSSLINGER GASTRIC TUFT CELLS,,-4,15,7.3,30211,12,680,4,0.59,0.29,489|10677|23564|166824,ATP2A3|AVIL|DDAH2|RASSF6,-2,0
1,-3.9,M39230,M1,1,0,Cell Type Signatures,7,LAKE ADULT KIDNEY C11 THIN ASCENDING LIMB,,-3.9,3.4,4.8,30211,169,680,13,1.9,0.53,476|2122|3694|5265|5793|7035|9699|10625|23236|54206|54532|64283|81671,ATP1A1|MECOM|ITGB6|SERPINA1|PTPRG|TFPI|RIMS2|IVNS1ABP|PLCB1|ERRFI1|USP53|ARHGEF28|VMP1,-1.9,0
1,-3.9,M39131,M1,1,0,Cell Type Signatures,7,AIZARANI LIVER C32 MVECS 3,,-3.9,3.9,4.9,30211,125,680,11,1.6,0.48,2199|2823|4774|6867|7035|7099|7145|7453|8837|9021|54407,FBLN2|GPM6A|NFIA|TACC1|TFPI|TLR4|TNS1|WARS1|CFLAR|SOCS3|SLC38A2,-1.9,0
1,-3.9,M41656,M1,1,0,Cell Type Signatures,7,TRAVAGLINI LUNG MUCOUS CELL,,-3.9,3.9,4.9,30211,125,680,11,1.6,0.48,445|5284|8671|8842|10158|10406|22999|25825|79838|157506|171177,ASS1|PIGR|SLC4A4|PROM1|PDZK1IP1|WFDC2|RIMS1|BACE2|TMC5|RDH10|RHOV,-1.9,0
1,-3.9,M39258,M1,1,0,Cell Type Signatures,7,MENON FETAL KIDNEY 8 CONNECTING TUBULE CELLS,,-3.9,2.8,4.6,30211,267,680,17,2.5,0.6,476|1773|2122|2744|3827|3880|3993|6385|6647|10406|10451|10625|10768|55691|65125|81618|222663,ATP1A1|DNASE1|MECOM|GLS|KNG1|KRT19|LLGL2|SDC4|SOD1|WFDC2|VAV3|IVNS1ABP|AHCYL1|FRMD4A|WNK1|ITM2C|SCUBE3,-1.9,0
1,-3.8,M39063,M1,1,0,Cell Type Signatures,7,MANNO MIDBRAIN NEUROTYPES HNBM,,-3.8,2.7,4.5,30211,295,680,18,2.6,0.62,2823|3925|4013|5063|5793|5800|6328|6447|9170|9899|10451|22822|23108|23705|51062|84620|84899|441631,GPM6A|STMN1|VWA5A|PAK3|PTPRG|PTPRO|SCN3A|SCG5|LPAR2|SV2B|VAV3|PHLDA1|RAP1GAP2|CADM1|ATL1|ST6GAL2|TMTC4|TSPAN11,-1.9,0
1,-3.8,M41675,M1,1,0,Cell Type Signatures,7,TRAVAGLINI LUNG ADVENTITIAL FIBROBLAST CELL,,-3.8,2.7,4.5,30211,296,680,18,2.6,0.62,216|476|972|1435|1514|2199|4257|6423|6611|9021|9052|10560|10673|54206|57488|119587|146556|157506,ALDH1A1|ATP1A1|CD74|CSF1|CTSL|FBLN2|MGST1|SFRP2|SMS|SOCS3|GPRC5A|SLC19A2|TNFSF13B|ERRFI1|ESYT2|CPXM2|C16orf89|RDH10,-1.9,0
1,-3.8,M40312,M1,1,0,Cell Type Signatures,7,DESCARTES FETAL THYMUS THYMIC EPITHELIAL CELLS,,-3.8,2.9,4.5,30211,245,680,16,2.4,0.58,1040|1824|2070|3852|3880|5774|9543|10149|23120|27330|57537|65268|80036|84141|84632|133121,CDS1|DSC2|EYA4|KRT5|KRT19|PTPN3|IGDCC3|ADGRG2|ATP10B|RPS6KA6|SORCS2|WNK2|TRPM3|EVA1A|AFAP1L2|ENPP6,-1.9,0
1,-3.8,M39194,M1,1,0,Cell Type Signatures,7,HAY BONE MARROW DENDRITIC CELL,,-3.8,3.2,4.6,30211,196,680,14,2.1,0.54,214|972|1880|3108|3852|4261|6335|7136|79073|81618|84293|84679|112399|404093,ALCAM|CD74|GPR183|HLA-DMA|KRT5|CIITA|SCN9A|TNNI2|TMEM109|ITM2C|PRXL2A|SLC9A7|EGLN3|CUEDC1,-1.9,0
1,-3.8,M40130,M1,1,0,Cell Type Signatures,7,DESCARTES MAIN FETAL DUCTAL CELLS,,-3.8,5.2,5.2,30211,69,680,8,1.2,0.41,134|476|1080|8671|51053|57167|127707|170690,ADORA1|ATP1A1|CFTR|SLC4A4|GMNN|SALL4|KLHDC7A|ADAMTS16,-1.8,0
1,-3.8,M39115,M1,1,0,Cell Type Signatures,7,AIZARANI LIVER C11 HEPATOCYTES 1,,-3.8,2.7,4.4,30211,298,680,18,2.6,0.62,18|216|445|664|717|2330|3053|3484|3698|3827|4129|4257|5167|5265|6385|6647|54206|284111,ABAT|ALDH1A1|ASS1|BNIP3|C2|FMO5|SERPIND1|IGFBP1|ITIH2|KNG1|MAOB|MGST1|ENPP1|SERPINA1|SDC4|SOD1|ERRFI1|SLC13A5,-1.8,0
1,-3.8,M40147,M1,1,0,Cell Type Signatures,7,DESCARTES FETAL ADRENAL SCHWANN CELLS,,-3.8,3.8,4.8,30211,129,680,11,1.6,0.48,216|1004|7368|9514|9899|10406|23120|23493|56920|80036|441631,ALDH1A1|CDH6|UGT8|GAL3ST1|SV2B|WFDC2|ATP10B|HEY2|SEMA3G|TRPM3|TSPAN11,-1.8,0
1,-3.8,M41717,M1,1,0,Cell Type Signatures,7,FAN OVARY CL15 SMALL ANTRAL FOLLICLE GRANULOSA CELL,,-3.8,2.1,4.2,30211,645,680,30,4.4,0.79,467|476|1948|2539|2888|3625|3925|4200|5270|5732|5899|6009|6447|6611|7057|7184|8727|9456|10625|22822|23224|23493|51053|55214|55366|55681|57494|93663|205428|644150,ATF3|ATP1A1|EFNB2|G6PD|GRB14|INHBB|STMN1|ME2|SERPINE2|PTGER2|RALB|RHEB|SCG5|SMS|THBS1|HSP90B1|CTNNAL1|HOMER1|IVNS1ABP|PHLDA1|SYNE2|HEY2|GMNN|P3H2|LGR4|SCYL2|RIMKLB|ARHGAP18|DIPK2A|WIPF3,-1.8,0
1,-3.8,M40002,M1,1,0,Cell Type Signatures,7,BUSSLINGER ESOPHAGEAL PROLIFERATING BASAL CELLS,,-3.8,5.1,5.2,30211,70,680,8,1.2,0.41,445|1825|3852|3880|3914|3925|6520|23224,ASS1|DSC3|KRT5|KRT19|LAMB3|STMN1|SLC3A2|SYNE2,-1.8,0
1,-3.8,M41708,M1,1,0,Cell Type Signatures,7,FAN OVARY CL6 PUTATIVE EARLY ATRETIC FOLLICLE THECAL CELL 2,,-3.8,2.7,4.4,30211,300,680,18,2.6,0.62,216|467|664|1831|3880|4129|4774|5178|5269|5549|5654|9021|10404|10549|11067|23022|23564|55603,ALDH1A1|ATF3|BNIP3|TSC22D3|KRT19|MAOB|NFIA|PEG3|SERPINB6|PRELP|HTRA1|SOCS3|CPQ|PRDX4|DEPP1|PALLD|DDAH2|TENT5A,-1.8,0
1,-3.7,M40028,M1,1,0,Cell Type Signatures,7,BUSSLINGER DUODENAL LATE IMMATURE ENTEROCYTES,,-3.7,3.3,4.6,30211,177,680,13,1.9,0.53,216|476|972|1773|4311|4860|5284|5357|8671|10788|11136|55748|57402,ALDH1A1|ATP1A1|CD74|DNASE1|MME|PNP|PIGR|PLS1|SLC4A4|IQGAP2|SLC7A9|CNDP2|S100A14,-1.8,0
1,-3.7,M39118,M1,1,0,Cell Type Signatures,7,AIZARANI LIVER C14 HEPATOCYTES 2,,-3.7,2.9,4.5,30211,226,680,15,2.2,0.56,18|216|445|664|717|2705|3053|3484|3827|3929|4257|5265|6647|7263|8659,ABAT|ALDH1A1|ASS1|BNIP3|C2|GJB1|SERPIND1|IGFBP1|KNG1|LBP|MGST1|SERPINA1|SOD1|TST|ALDH4A1,-1.8,0
1,-3.7,M39079,M1,1,0,Cell Type Signatures,7,ZHONG PFC MAJOR TYPES OPC,,-3.7,4.4,4.9,30211,91,680,9,1.3,0.44,214|928|1272|1910|5270|10267|81618|81628|339479,ALCAM|CD9|CNTN1|EDNRB|SERPINE2|RAMP1|ITM2C|TSC22D4|BRINP3,-1.8,0
1,-3.7,M39246,M1,1,0,Cell Type Signatures,7,LAKE ADULT KIDNEY C27 VASCULAR SMOOTH MUSCLE CELLS AND PERICYTES,,-3.7,3.4,4.6,30211,155,680,12,1.8,0.5,467|1012|1608|4217|5793|6867|7145|8395|9693|23022|57488|85004,ATF3|CDH13|DGKG|MAP3K5|PTPRG|TACC1|TNS1|PIP5K1B|RAPGEF2|PALLD|ESYT2|RERG,-1.8,0
1,-3.6,M40006,M1,1,0,Cell Type Signatures,7,BUSSLINGER GASTRIC CHIEF CELLS,,-3.6,5.6,5.2,30211,56,680,7,1,0.39,2122|2852|10549|55890|57535|146456|284340,MECOM|GPER1|PRDX4|GPRC5C|ELAPOR1|TMED6|CXCL17,-1.7,0
1,-3.6,M39254,M1,1,0,Cell Type Signatures,7,MENON FETAL KIDNEY 4 PODOCYTES,,-3.6,3,4.4,30211,206,680,14,2.1,0.54,214|1602|1824|1831|1948|4311|5654|5800|7184|9863|10788|23022|23524|153830,ALCAM|DACH1|DSC2|TSC22D3|EFNB2|MME|HTRA1|PTPRO|HSP90B1|MAGI2|IQGAP2|PALLD|SRRM2|RNF145,-1.7,0
1,-3.6,M41660,M1,1,0,Cell Type Signatures,7,TRAVAGLINI LUNG ALVEOLAR EPITHELIAL TYPE 2 CELL,,-3.6,3.6,4.6,30211,136,680,11,1.6,0.48,972|1910|2330|5265|6781|7035|10568|55214|57402|84879|146556,CD74|EDNRB|FMO5|SERPINA1|STC1|TFPI|SLC34A2|P3H2|S100A14|MFSD2A|C16orf89,-1.7,0
1,-3.5,M41670,M1,1,0,Cell Type Signatures,7,TRAVAGLINI LUNG LYMPHATIC CELL,,-3.5,3,4.3,30211,209,680,14,2.1,0.54,2039|2823|3925|4257|5154|5774|6335|23643|25825|29015|51523|54407|55214|84886,DMTN|GPM6A|STMN1|MGST1|PDGFA|PTPN3|SCN9A|LY96|BACE2|SLC43A3|CXXC5|SLC38A2|P3H2|C1orf198,-1.6,0
1,-3.5,M39097,M1,1,0,Cell Type Signatures,7,ZHONG PFC C2 THY1 POS OPC,,-3.5,8.2,5.7,30211,27,680,5,0.74,0.33,1272|1910|2888|6447|151556,CNTN1|EDNRB|GRB14|SCG5|GPR155,-1.6,0
1,-3.5,M40251,M1,1,0,Cell Type Signatures,7,DESCARTES FETAL MUSCLE SCHWANN CELLS,,-3.5,3.8,4.6,30211,117,680,10,1.5,0.46,214|2888|7368|23120|23705|53353|57628|84978|119587|157506,ALCAM|GRB14|UGT8|ATP10B|CADM1|LRP1B|DPP10|FRMD5|CPXM2|RDH10,-1.6,0
1,-3.5,M39022,M1,1,0,Cell Type Signatures,7,FAN EMBRYONIC CTX BIG GROUPS MICROGLIA,,-3.5,2.4,4.1,30211,371,680,20,2.9,0.65,717|929|972|1514|1880|2896|4814|5265|5269|5654|6299|7099|11010|23191|23643|55198|58475|81671|116931|203328,C2|CD14|CD74|CTSL|GPR183|GRN|NINJ1|SERPINA1|SERPINB6|HTRA1|SALL1|TLR4|GLIPR1|CYFIP1|LY96|APPL2|MS4A7|VMP1|MED12L|SUSD3,-1.6,0
1,-3.5,M41664,M1,1,0,Cell Type Signatures,7,TRAVAGLINI LUNG CAPILLARY AEROCYTE CELL,,-3.5,6.3,5.3,30211,42,680,6,0.88,0.36,972|1910|6252|7433|8706|23086,CD74|EDNRB|RTN1|VIPR1|B3GALNT1|EXPH5,-1.6,0
1,-3.5,M39213,M1,1,0,Cell Type Signatures,7,ZHENG CORD BLOOD C4 PUTATIVE EARLY ERYTHROID COMMITMENT,,-3.5,4.1,4.7,30211,97,680,9,1.3,0.44,2589|4774|6744|7006|9693|22807|27131|54407|116931,GALNT1|NFIA|ITPRID2|TEC|RAPGEF2|IKZF2|SNX5|SLC38A2|MED12L,-1.6,0
1,-3.4,M40250,M1,1,0,Cell Type Signatures,7,DESCARTES FETAL MUSCLE MEGAKARYOCYTES,,-3.4,2.8,4.2,30211,238,680,15,2.2,0.56,1608|1839|3796|5274|5874|6272|6385|6647|7057|9021|10105|11067|80230|116931|255631,DGKG|HBEGF|KIF2A|SERPINI1|RAB27B|SORT1|SDC4|SOD1|THBS1|SOCS3|PPIF|DEPP1|RUFY1|MED12L|COL24A1,-1.6,0
1,-3.4,M40007,M1,1,0,Cell Type Signatures,7,BUSSLINGER GASTRIC PREZYMOGENIC CELLS,,-3.4,5.2,4.9,30211,60,680,7,1,0.39,2122|5284|8671|10595|23524|25803|93663,MECOM|PIGR|SLC4A4|ERN2|SRRM2|SPDEF|ARHGAP18,-1.6,0
1,-3.4,M39237,M1,1,0,Cell Type Signatures,7,LAKE ADULT KIDNEY C18 COLLECTING DUCT PRINCIPAL CELLS MEDULLA,,-3.4,2.5,4.1,30211,322,680,18,2.6,0.62,231|928|2122|3880|3993|6647|7184|10103|10406|10625|26471|51523|55748|55890|81537|81618|114569|157506,AKR1B1|CD9|MECOM|KRT19|LLGL2|SOD1|HSP90B1|TSPAN1|WFDC2|IVNS1ABP|NUPR1|CXXC5|CNDP2|GPRC5C|SGPP1|ITM2C|MAL2|RDH10,-1.5,0
1,-3.4,M39121,M1,1,0,Cell Type Signatures,7,AIZARANI LIVER C20 LSECS 3,,-3.4,2.6,4.1,30211,295,680,17,2.5,0.6,928|929|1514|1948|2317|2321|2589|4860|6781|7035|7453|9021|9052|9771|10625|23236|85461,CD9|CD14|CTSL|EFNB2|FLNB|FLT1|GALNT1|PNP|STC1|TFPI|WARS1|SOCS3|GPRC5A|RAPGEF5|IVNS1ABP|PLCB1|TANC1,-1.5,0
1,-3.3,M39229,M1,1,0,Cell Type Signatures,7,LAKE ADULT KIDNEY C10 THIN ASCENDING LIMB,,-3.3,2.4,4,30211,353,680,19,2.8,0.63,476|972|1999|3694|3827|5265|6647|7035|7184|9699|10406|10625|25825|51523|54206|54407|55748|81618|81671,ATP1A1|CD74|ELF3|ITGB6|KNG1|SERPINA1|SOD1|TFPI|HSP90B1|RIMS2|WFDC2|IVNS1ABP|BACE2|CXXC5|ERRFI1|SLC38A2|CNDP2|ITM2C|VMP1,-1.5,0
1,-3.3,M39301,M1,1,0,Cell Type Signatures,7,CUI DEVELOPING HEART C4 ENDOTHELIAL CELL,,-3.3,3.3,4.3,30211,146,680,11,1.6,0.48,928|1910|1942|1948|2149|2321|3628|5099|5899|7035|9771,CD9|EDNRB|EFNA1|EFNB2|F2R|FLT1|INPP1|PCDH7|RALB|TFPI|RAPGEF5,-1.5,0
1,-3.3,M39264,M1,1,0,Cell Type Signatures,7,HU FETAL RETINA FIBROBLAST,,-3.3,2.3,3.9,30211,385,680,20,2.9,0.65,182|214|1592|1948|2149|2317|4774|6382|7035|7184|9021|23191|55691|64344|79625|79822|81578|115111|284217|387914,JAG1|ALCAM|CYP26A1|EFNB2|F2R|FLNB|NFIA|SDC1|TFPI|HSP90B1|SOCS3|CYFIP1|FRMD4A|HIF3A|NDNF|ARHGAP28|COL21A1|SLC26A7|LAMA1|SHISA2,-1.5,0
1,-3.3,M40314,M1,1,0,Cell Type Signatures,7,DESCARTES FETAL THYMUS ANTIGEN PRESENTING CELLS,,-3.3,3.1,4.2,30211,172,680,12,1.8,0.5,929|972|9123|23643|57464|58475|79722|81029|84679|153020|169355|340348,CD14|CD74|SLC16A3|LY96|STRIP2|MS4A7|ANKRD55|WNT5B|SLC9A7|RASGEF1B|IDO2|TSPAN33,-1.5,0
1,-3.3,M41652,M1,1,0,Cell Type Signatures,7,TRAVAGLINI LUNG PROXIMAL BASAL CELL,,-3.3,2,3.8,30211,629,680,28,4.1,0.76,216|928|1592|1825|1831|3691|3852|3880|4257|4774|5099|5214|6382|6565|9076|10451|23612|26298|51053|51228|53947|54101|55612|55808|64065|84293|166824|254295,ALDH1A1|CD9|CYP26A1|DSC3|TSC22D3|ITGB4|KRT5|KRT19|MGST1|NFIA|PCDH7|PFKP|SDC1|SLC15A2|CLDN1|VAV3|PHLDA3|EHF|GMNN|GLTP|A4GALT|RIPK4|FERMT1|ST6GALNAC1|PERP|PRXL2A|RASSF6|PHYHD1,-1.5,0
1,-3.2,M39203,M1,1,0,Cell Type Signatures,7,HAY BONE MARROW NEUTROPHIL,,-3.2,2.2,3.8,30211,449,680,22,3.2,0.68,475|929|978|2896|4257|4688|5055|7057|7099|8566|9123|10008|10043|10625|10673|11010|23191|23312|23643|51313|60675|166929,ATOX1|CD14|CDA|GRN|MGST1|NCF2|SERPINB2|THBS1|TLR4|PDXK|SLC16A3|KCNE3|TOM1|IVNS1ABP|TNFSF13B|GLIPR1|CYFIP1|DMXL2|LY96|GASK1B|PROK2|SGMS2,-1.4,0
1,-3.2,M40187,M1,1,0,Cell Type Signatures,7,DESCARTES FETAL EYE MICROGLIA,,-3.2,3.2,4.2,30211,151,680,11,1.6,0.48,929|972|1880|3108|4688|7294|11010|51291|58475|139818|201798,CD14|CD74|GPR183|HLA-DMA|NCF2|TXK|GLIPR1|GMIP|MS4A7|DOCK11|TIGD4,-1.4,0
1,-3.2,M41711,M1,1,0,Cell Type Signatures,7,FAN OVARY CL9 PUTATIVE APOPTOTIC ENDOTHELIAL CELL,,-3.2,2.3,3.8,30211,365,680,19,2.8,0.63,476|972|1942|3108|4860|6430|6520|6744|7035|7057|8837|9021|11067|23224|25825|26471|51313|54407|81671,ATP1A1|CD74|EFNA1|HLA-DMA|PNP|SRSF5|SLC3A2|ITPRID2|TFPI|THBS1|CFLAR|SOCS3|DEPP1|SYNE2|BACE2|NUPR1|GASK1B|SLC38A2|VMP1,-1.4,0
1,-3.2,M40014,M1,1,0,Cell Type Signatures,7,BUSSLINGER GASTRIC PARIETAL CELLS,,-3.2,2.6,3.9,30211,254,680,15,2.2,0.56,216|5827|6647|6947|9992|10105|22822|23108|26301|55890|64850|80310|91947|151556|644150,ALDH1A1|PXMP2|SOD1|TCN1|KCNE2|PPIF|PHLDA1|RAP1GAP2|GBGT1|GPRC5C|ETNPPL|PDGFD|ARRDC4|GPR155|WIPF3,-1.4,0
1,-3.1,M40259,M1,1,0,Cell Type Signatures,7,DESCARTES FETAL MUSCLE MYELOID CELLS,,-3.1,3.4,4.2,30211,130,680,10,1.5,0.46,717|929|972|3108|4261|4688|6252|7006|11010|58475,C2|CD14|CD74|HLA-DMA|CIITA|NCF2|RTN1|TEC|GLIPR1|MS4A7,-1.4,0
1,-3.1,M39136,M1,1,0,Cell Type Signatures,7,GAO ESOPHAGUS 25W C1 CILIATED EPITHELIAL CELLS,,-3.1,2.1,3.7,30211,457,680,22,3.2,0.68,216|1040|2581|6536|7453|9914|22875|22941|51061|55366|56171|79838|79846|79949|80736|93663|114792|133690|136306|166929|200162|246176,ALDH1A1|CDS1|GALC|SLC6A9|WARS1|ATP2C2|ENPP4|SHANK2|TXNDC11|LGR4|DNAH7|TMC5|CFAP69|PLEKHS1|SLC44A4|ARHGAP18|KLHL32|CAPSL|SVOPL|SGMS2|SPAG17|GAS2L2,-1.4,0
1,-3.1,M41710,M1,1,0,Cell Type Signatures,7,FAN OVARY CL8 MATURE CUMULUS GRANULOSA CELL 2,,-3.1,1.9,3.6,30211,646,680,28,4.1,0.76,231|475|2888|3625|3925|4200|4519|4540|5178|5270|5654|5827|5899|6611|7105|9663|10105|10549|10625|23224|23493|29980|51293|55214|84293|84620|203328|644150,AKR1B1|ATOX1|GRB14|INHBB|STMN1|ME2|CYTB|ND5|PEG3|SERPINE2|HTRA1|PXMP2|RALB|SMS|TSPAN6|LPIN2|PPIF|PRDX4|IVNS1ABP|SYNE2|HEY2|DONSON|CD320|P3H2|PRXL2A|ST6GAL2|SUSD3|WIPF3,-1.3,0
1,-3.1,M41718,M1,1,0,Cell Type Signatures,7,FAN OVARY CL16 LYMPHATIC ENDOTHELIAL CELL,,-3.1,2.7,3.9,30211,232,680,14,2.1,0.54,216|928|1514|1942|2896|3925|4519|4540|4774|7035|11067|29980|80005|84293,ALDH1A1|CD9|CTSL|EFNA1|GRN|STMN1|CYTB|ND5|NFIA|TFPI|DEPP1|DONSON|DOCK5|PRXL2A,-1.3,0
1,-3.1,M40167,M1,1,0,Cell Type Signatures,7,DESCARTES FETAL CEREBRUM VASCULAR ENDOTHELIAL CELLS,,-3.1,2,3.6,30211,585,680,26,3.8,0.74,978|1004|1906|1942|2122|2150|2151|2852|3484|4337|5549|6513|8884|9021|11067|22943|51293|53947|54567|55808|55890|56165|56920|57181|285025|100506658,CDA|CDH6|EDN1|EFNA1|MECOM|F2RL1|F2RL2|GPER1|IGFBP1|MOCS1|PRELP|SLC2A1|SLC5A6|SOCS3|DEPP1|DKK1|CD320|A4GALT|DLL4|ST6GALNAC1|GPRC5C|TDRD1|SEMA3G|SLC39A10|CCDC141|OCLN,-1.3,0
1,-3,M39162,M1,1,0,Cell Type Signatures,7,GAO LARGE INTESTINE ADULT CE OLFM4HIGH STEM CELL,,-3,2.3,3.7,30211,374,680,19,2.8,0.63,1004|1608|3096|4824|5268|5274|8538|9750|9899|23612|23671|26301|55503|58475|90957|114792|151473|256158|644150,CDH6|DGKG|HIVEP1|NKX3-1|SERPINB5|SERPINI1|BARX2|RIPOR2|SV2B|PHLDA3|TMEFF2|GBGT1|TRPV6|MS4A7|DHX57|KLHL32|SLC16A14|HMCN2|WIPF3,-1.3,0
1,-3,M41694,M1,1,0,Cell Type Signatures,7,TRAVAGLINI LUNG PLASMACYTOID DENDRITIC CELL,,-3,3.6,4.2,30211,111,680,9,1.3,0.44,1880|2317|3852|3925|6335|11138|81618|90427|112399,GPR183|FLNB|KRT5|STMN1|SCN9A|TBC1D8|ITM2C|BMF|EGLN3,-1.3,0
1,-2.9,M40008,M1,1,0,Cell Type Signatures,7,BUSSLINGER GASTRIC NECK CELLS,,-2.9,6.2,4.7,30211,36,680,5,0.74,0.33,5284|8671|10595|57222|146556,PIGR|SLC4A4|ERN2|ERGIC1|C16orf89,-1.2,0
1,-2.9,M40152,M1,1,0,Cell Type Signatures,7,DESCARTES FETAL ADRENAL VASCULAR ENDOTHELIAL CELLS,,-2.9,3.2,3.9,30211,139,680,10,1.5,0.46,978|1012|1906|1942|1948|2823|3484|3625|54567|375611,CDA|CDH13|EDN1|EFNA1|EFNB2|GPM6A|IGFBP1|INHBB|DLL4|SLC26A5,-1.2,0
1,-2.9,M39322,M1,1,0,Cell Type Signatures,7,CUI DEVELOPING HEART VALVAR ENDOTHELIAL CELL,,-2.9,3.2,3.9,30211,141,680,10,1.5,0.46,231|467|928|1514|1839|3691|4860|6781|9021|23493,AKR1B1|ATF3|CD9|CTSL|HBEGF|ITGB4|PNP|STC1|SOCS3|HEY2,-1.2,0
1,-2.9,M39206,M1,1,0,Cell Type Signatures,7,HAY BONE MARROW PLATELET,,-2.9,2.5,3.6,30211,272,680,15,2.2,0.56,598|3796|4129|5154|5874|6251|7429|10158|10826|29841|80230|84632|93663|148932|340146,BCL2L1|KIF2A|MAOB|PDGFA|RAB27B|RSU1|VIL1|PDZK1IP1|FAXDC2|GRHL1|RUFY1|AFAP1L2|ARHGAP18|MOB3C|SLC35D3,-1.2,0
1,-2.9,M39026,M1,1,0,Cell Type Signatures,7,FAN EMBRYONIC CTX EX 4 EXCITATORY NEURON,,-2.9,2.9,3.8,30211,166,680,11,1.6,0.48,2888|4008|5214|6335|6833|6894|8842|23108|23348|57221|92558,GRB14|LMO7|PFKP|SCN9A|ABCC8|TARBP1|PROM1|RAP1GAP2|DOCK9|ARFGEF3|BICDL1,-1.2,0
1,-2.8,M40169,M1,1,0,Cell Type Signatures,7,DESCARTES FETAL CEREBRUM OLIGODENDROCYTES,,-2.8,4.1,4.1,30211,75,680,7,1,0.39,2705|6751|7368|8537|9514|10655|133121,GJB1|SSTR1|UGT8|BCAS1|GAL3ST1|DMRT2|ENPP6,-1.2,0
1,-2.8,M39257,M1,1,0,Cell Type Signatures,7,MENON FETAL KIDNEY 7 LOOPOF HENLE CELLS DISTAL,,-2.8,2.4,3.6,30211,276,680,15,2.2,0.56,55|216|476|1514|2122|3827|4519|4540|6385|6744|7368|10451|10625|10768|81618,ACP3|ALDH1A1|ATP1A1|CTSL|MECOM|KNG1|CYTB|ND5|SDC4|ITPRID2|UGT8|VAV3|IVNS1ABP|AHCYL1|ITM2C,-1.1,0
1,-2.8,M40302,M1,1,0,Cell Type Signatures,7,DESCARTES FETAL STOMACH MYELOID CELLS,,-2.8,4.1,4.1,30211,76,680,7,1,0.39,929|972|3108|4261|4688|58475|169355,CD14|CD74|HLA-DMA|CIITA|NCF2|MS4A7|IDO2,-1.1,0
1,-2.8,M39065,M1,1,0,Cell Type Signatures,7,MANNO MIDBRAIN NEUROTYPES HRN,,-2.8,2.3,3.5,30211,335,680,17,2.5,0.6,2823|3925|5063|5800|6252|6328|9170|9771|22941|23154|51062|57221|79836|84620|151473|151556|283209,GPM6A|STMN1|PAK3|PTPRO|RTN1|SCN3A|LPAR2|RAPGEF5|SHANK2|NCDN|ATL1|ARFGEF3|LONRF3|ST6GAL2|SLC16A14|GPR155|PGM2L1,-1.1,0
1,-2.8,M39297,M1,1,0,Cell Type Signatures,7,DURANTE ADULT OLFACTORY NEUROEPITHELIUM MONOCYTES,,-2.8,5.7,4.5,30211,39,680,5,0.74,0.33,972|1880|3108|6423|58475,CD74|GPR183|HLA-DMA|SFRP2|MS4A7,-1.1,0
1,-2.7,M40276,M1,1,0,Cell Type Signatures,7,DESCARTES FETAL PLACENTA AFP ALB POSITIVE CELLS,,-2.7,2.9,3.7,30211,171,680,11,1.6,0.48,445|2330|2852|3053|3698|3827|5265|8659|10178|170690|284111,ASS1|FMO5|GPER1|SERPIND1|ITIH2|KNG1|SERPINA1|ALDH4A1|TENM1|ADAMTS16|SLC13A5,-1.1,0
1,-2.7,M39104,M1,1,0,Cell Type Signatures,7,ZHONG PFC C3 MICROGLIA,,-2.7,2,3.4,30211,488,680,22,3.2,0.68,214|2039|3614|3880|4774|5274|5575|5800|6447|9170|9750|10625|22941|22983|23108|23154|23671|23705|54972|123283|146050|283209,ALCAM|DMTN|IMPDH1|KRT19|NFIA|SERPINI1|PRKAR1B|PTPRO|SCG5|LPAR2|RIPOR2|IVNS1ABP|SHANK2|MAST1|RAP1GAP2|NCDN|TMEFF2|CADM1|TMEM132A|TARS3|ZSCAN29|PGM2L1,-1.1,0
1,-2.7,M41688,M1,1,0,Cell Type Signatures,7,TRAVAGLINI LUNG NEUTROPHIL CELL,,-2.7,2.2,3.4,30211,368,680,18,2.6,0.62,392|978|2289|2539|4311|4688|5187|5899|6533|7099|9021|9123|9170|57535|60675|139818|153830|162466,ARHGAP1|CDA|FKBP5|G6PD|MME|NCF2|PER1|RALB|SLC6A6|TLR4|SOCS3|SLC16A3|LPAR2|ELAPOR1|PROK2|DOCK11|RNF145|PHOSPHO1,-1.1,0
1,-2.7,M40284,M1,1,0,Cell Type Signatures,7,DESCARTES FETAL PLACENTA SYNCYTIOTROPHOBLASTS AND VILLOUS CYTOTROPHOBLASTS,,-2.7,3.9,4,30211,79,680,7,1,0.39,1825|4036|8549|55283|79983|166824|341277,DSC3|LRP2|LGR5|MCOLN3|POF1B|RASSF6|OVCH2,-1.1,0
1,-2.7,M39117,M1,1,0,Cell Type Signatures,7,AIZARANI LIVER C13 LSECS 2,,-2.7,2.4,3.5,30211,283,680,15,2.2,0.56,929|1514|1906|1910|1948|2149|2317|2321|4739|6867|7035|7099|7453|9771|10608,CD14|CTSL|EDN1|EDNRB|EFNB2|F2R|FLNB|FLT1|NEDD9|TACC1|TFPI|TLR4|WARS1|RAPGEF5|MXD4,-1.1,0
1,-2.7,M39158,M1,1,0,Cell Type Signatures,7,GAO LARGE INTESTINE 24W C8 GOBLET CELL,,-2.7,5.4,4.3,30211,41,680,5,0.74,0.33,8537|9914|10103|10595|25803,BCAS1|ATP2C2|TSPAN1|ERN2|SPDEF,-1,0
1,-2.6,M40131,M1,1,0,Cell Type Signatures,7,DESCARTES MAIN FETAL PAEP MECOM POSITIVE CELLS,,-2.6,2.6,3.5,30211,203,680,12,1.8,0.5,3914|4217|6533|7453|9120|9914|10158|10406|55748|57494|136306|169355,LAMB3|MAP3K5|SLC6A6|WARS1|SLC16A6|ATP2C2|PDZK1IP1|WFDC2|CNDP2|RIMKLB|SVOPL|IDO2,-1,0
1,-2.6,M39239,M1,1,0,Cell Type Signatures,7,LAKE ADULT KIDNEY C20 COLLECTING DUCT INTERCALATED CELLS TYPE A CORTEX,,-2.6,2.9,3.6,30211,152,680,10,1.5,0.46,2888|5144|5578|9693|55366|64283|93663|115111|266722|266977,GRB14|PDE4D|PRKCA|RAPGEF2|LGR4|ARHGEF28|ARHGAP18|SLC26A7|HS6ST3|ADGRF1,-1,0
1,-2.6,M41658,M1,1,0,Cell Type Signatures,7,TRAVAGLINI LUNG NEUROENDOCRINE CELL,,-2.6,3.1,3.7,30211,128,680,9,1.3,0.44,231|3925|4703|5063|6328|6447|9699|80309|340146,AKR1B1|STMN1|NEB|PAK3|SCN3A|SCG5|RIMS2|SPHKAP|SLC35D3,-1,0
1,-2.6,M40092,M1,1,0,Cell Type Signatures,7,DESCARTES MAIN FETAL CORNEAL AND CONJUNCTIVAL EPITHELIAL CELLS,,-2.6,2.3,3.4,30211,290,680,15,2.2,0.56,1825|1831|4824|5284|6041|6565|7100|7105|7348|10568|53947|79679|79949|171177|284340,DSC3|TSC22D3|NKX3-1|PIGR|RNASEL|SLC15A2|TLR5|TSPAN6|UPK1B|SLC34A2|A4GALT|VTCN1|PLEKHS1|RHOV|CXCL17,-1,0
1,-2.6,M39144,M1,1,0,Cell Type Signatures,7,GAO STOMACH 24W C6 PIT CELL,,-2.6,10,5.1,30211,13,680,3,0.44,0.25,11174|51809|57167,ADAMTS6|GALNT7|SALL4,-0.98,0
1,-2.5,M39266,M1,1,0,Cell Type Signatures,7,HU FETAL RETINA MICROGLIA,,-2.5,2.1,3.3,30211,382,680,18,2.6,0.62,467|929|972|1880|2896|3108|4814|6793|6867|7099|11010|23191|23643|27131|58475|116931|201176|203328,ATF3|CD14|CD74|GPR183|GRN|HLA-DMA|NINJ1|STK10|TACC1|TLR4|GLIPR1|CYFIP1|LY96|SNX5|MS4A7|MED12L|ARHGAP27|SUSD3,-0.97,0
1,-2.5,M39285,M1,1,0,Cell Type Signatures,7,DURANTE ADULT OLFACTORY NEUROEPITHELIUM RESPIRATORY CILIATED CELLS,,-2.5,2.8,3.5,30211,156,680,10,1.5,0.46,216|1040|1999|7105|8842|10103|79838|80736|133690|144809,ALDH1A1|CDS1|ELF3|TSPAN6|PROM1|TSPAN1|TMC5|SLC44A4|CAPSL|FAM216B,-0.97,0
1,-2.5,M40016,M1,1,0,Cell Type Signatures,7,BUSSLINGER GASTRIC REG3A POSITIVE CELLS,,-2.5,5,4.1,30211,44,680,5,0.74,0.33,972|3108|5284|7453|10008,CD74|HLA-DMA|PIGR|WARS1|KCNE3,-0.96,0
1,-2.5,M39228,M1,1,0,Cell Type Signatures,7,LAKE ADULT KIDNEY C9 THIN ASCENDING LIMB,,-2.5,2.3,3.3,30211,268,680,14,2.1,0.54,231|928|5265|6647|7035|7184|9076|10406|10451|10568|10625|55748|81671|114569,AKR1B1|CD9|SERPINA1|SOD1|TFPI|HSP90B1|CLDN1|WFDC2|VAV3|SLC34A2|IVNS1ABP|CNDP2|VMP1|MAL2,-0.94,0
1,-2.5,M40238,M1,1,0,Cell Type Signatures,7,DESCARTES FETAL LUNG CSH1 CSH2 POSITIVE CELLS,,-2.5,2.5,3.4,30211,212,680,12,1.8,0.5,231|1514|4036|5178|6382|6513|8549|10256|55503|56904|79589|81537,AKR1B1|CTSL|LRP2|PEG3|SDC1|SLC2A1|LGR5|CNKSR1|TRPV6|SH3GLB2|RNF128|SGPP1,-0.93,0
1,-2.5,M39262,M1,1,0,Cell Type Signatures,7,HU FETAL RETINA BIPOLAR,,-2.5,3.6,3.7,30211,86,680,7,1,0.39,2823|8842|9699|9899|81832|84812|338917,GPM6A|PROM1|RIMS2|SV2B|NETO1|PLCD4|VSX2,-0.93,0
1,-2.5,M40231,M1,1,0,Cell Type Signatures,7,DESCARTES FETAL LIVER MEGAKARYOCYTES,,-2.5,2.8,3.4,30211,159,680,10,1.5,0.46,1608|5874|7057|80230|84239|93663|116931|140469|255631|340146,DGKG|RAB27B|THBS1|RUFY1|ATP13A4|ARHGAP18|MED12L|MYO3B|COL24A1|SLC35D3,-0.93,0
1,-2.5,M39284,M1,1,0,Cell Type Signatures,7,DURANTE ADULT OLFACTORY NEUROEPITHELIUM RESPIRATORY COLUMNAR CELLS,,-2.5,6.3,4.3,30211,28,680,4,0.59,0.29,928|1999|3880|64065,CD9|ELF3|KRT19|PERP,-0.93,0
1,-2.5,M40017,M1,1,0,Cell Type Signatures,7,BUSSLINGER GASTRIC D CELLS,,-2.5,6.3,4.3,30211,28,680,4,0.59,0.29,6447|11067|23705|57221,SCG5|DEPP1|CADM1|ARFGEF3,-0.93,0
1,-2.5,M39175,M1,1,0,Cell Type Signatures,7,MURARO PANCREAS MESENCHYMAL STROMAL CELL,,-2.5,1.8,3.1,30211,680,680,27,4,0.75,182|1514|1839|1910|1948|2149|2151|2539|2589|3693|4257|5654|6251|6423|6781|7035|7057|7145|7453|22822|26471|51313|54407|81671|125058|162073|401097,JAG1|CTSL|HBEGF|EDNRB|EFNB2|F2R|F2RL2|G6PD|GALNT1|ITGB5|MGST1|HTRA1|RSU1|SFRP2|STC1|TFPI|THBS1|TNS1|WARS1|PHLDA1|NUPR1|GASK1B|SLC38A2|VMP1|TBC1D16|ITPRIPL2|C3orf80,-0.92,0
1,-2.4,M39149,M1,1,0,Cell Type Signatures,7,GAO SMALL INTESTINE 24W C6 GOBLET CELLS,,-2.4,4.8,3.9,30211,46,680,5,0.74,0.33,3880|8537|10595|25803|55808,KRT19|BCAS1|ERN2|SPDEF|ST6GALNAC1,-0.91,0
1,-2.4,M40191,M1,1,0,Cell Type Signatures,7,DESCARTES FETAL HEART MEGAKARYOCYTES,,-2.4,3.2,3.5,30211,112,680,8,1.2,0.41,4013|5874|7057|7504|80230|116931|140469|340146,VWA5A|RAB27B|THBS1|XK|RUFY1|MED12L|MYO3B|SLC35D3,-0.89,0
1,-2.4,M40299,M1,1,0,Cell Type Signatures,7,DESCARTES FETAL STOMACH SQUAMOUS EPITHELIAL CELLS,,-2.4,4,3.7,30211,67,680,6,0.88,0.36,3852|5055|5268|6947|144568|171177,KRT5|SERPINB2|SERPINB5|TCN1|A2ML1|RHOV,-0.88,0
1,-2.4,M40293,M1,1,0,Cell Type Signatures,7,DESCARTES FETAL SPLEEN MEGAKARYOCYTES,,-2.4,3.1,3.5,30211,113,680,8,1.2,0.41,1608|5874|6251|7057|80230|116931|140469|255631,DGKG|RAB27B|RSU1|THBS1|RUFY1|MED12L|MYO3B|COL24A1,-0.88,0
1,-2.4,M41648,M1,1,0,Cell Type Signatures,7,TRAVAGLINI LUNG CLUB CELL,,-2.4,3.1,3.4,30211,114,680,8,1.2,0.41,4257|5284|9052|57535|146556|153830|219995|284340,MGST1|PIGR|GPRC5A|ELAPOR1|C16orf89|RNF145|MS4A15|CXCL17,-0.86,0
1,-2.4,M39044,M1,1,0,Cell Type Signatures,7,FAN EMBRYONIC CTX BRAIN MYELOID,,-2.4,2.9,3.4,30211,139,680,9,1.3,0.44,467|972|3108|5265|7453|9021|9750|10673|55603,ATF3|CD74|HLA-DMA|SERPINA1|WARS1|SOCS3|RIPOR2|TNFSF13B|TENT5A,-0.86,0
1,-2.4,M39220,M1,1,0,Cell Type Signatures,7,LAKE ADULT KIDNEY C1 EPITHELIAL CELLS UNASSIGNED,,-2.4,5.9,4.1,30211,30,680,4,0.59,0.29,4036|9693|10404|64067,LRP2|RAPGEF2|CPQ|NPAS3,-0.86,0
1,-2.3,M40024,M1,1,0,Cell Type Signatures,7,BUSSLINGER DUODENAL STEM CELLS,,-2.3,2.1,3.1,30211,311,680,15,2.2,0.56,467|928|1080|1602|1839|1906|2122|2650|4774|10625|23224|27131|54407|55612|57535,ATF3|CD9|CFTR|DACH1|HBEGF|EDN1|MECOM|GCNT1|NFIA|IVNS1ABP|SYNE2|SNX5|SLC38A2|FERMT1|ELAPOR1,-0.82,0
1,-2.3,M39300,M1,1,0,Cell Type Signatures,7,CUI DEVELOPING HEART C3 FIBROBLAST LIKE CELL,,-2.3,3,3.4,30211,117,680,8,1.2,0.41,2199|4774|5178|5270|10404|10549|26471|81578,FBLN2|NFIA|PEG3|SERPINE2|CPQ|PRDX4|NUPR1|COL21A1,-0.82,0
1,-2.3,M41668,M1,1,0,Cell Type Signatures,7,TRAVAGLINI LUNG BRONCHIAL VESSEL 1 CELL,,-2.3,2.4,3.1,30211,224,680,12,1.8,0.5,978|1839|3625|4860|5214|7057|9021|10549|25825|51313|119587|768211,CDA|HBEGF|INHBB|PNP|PFKP|THBS1|SOCS3|PRDX4|BACE2|GASK1B|CPXM2|RELL1,-0.82,0
1,-2.3,M39025,M1,1,0,Cell Type Signatures,7,FAN EMBRYONIC CTX EX 2 EXCITATORY NEURON,,-2.3,8.3,4.5,30211,16,680,3,0.44,0.25,4774|22822|23564,NFIA|PHLDA1|DDAH2,-0.82,0
1,-2.2,M39130,M1,1,0,Cell Type Signatures,7,AIZARANI LIVER C31 KUPFFER CELLS 5,,-2.2,3,3.3,30211,120,680,8,1.2,0.41,1942|7453|10178|55603|58475|81671|83752|284111,EFNA1|WARS1|TENM1|TENT5A|MS4A7|VMP1|LONP2|SLC13A5,-0.78,0
1,-2.2,M39062,M1,1,0,Cell Type Signatures,7,MANNO MIDBRAIN NEUROTYPES HNPROG,,-2.2,2.3,3.1,30211,229,680,12,1.8,0.5,3925|7476|9133|9543|22822|23108|56992|79625|79822|84978|151246|441631,STMN1|WNT7A|CCNB2|IGDCC3|PHLDA1|RAP1GAP2|KIF15|NDNF|ARHGAP28|FRMD5|SGO2|TSPAN11,-0.77,0
1,-2.2,M39211,M1,1,0,Cell Type Signatures,7,ZHENG CORD BLOOD C2 PUTATIVE BASOPHIL EOSINOPHIL MAST CELL PROGENITOR,,-2.2,3.2,3.3,30211,96,680,7,1,0.39,4739|6513|6533|22807|25825|51573|55603,NEDD9|SLC2A1|SLC6A6|IKZF2|BACE2|GDE1|TENT5A,-0.77,0
1,-2.2,M40157,M1,1,0,Cell Type Signatures,7,DESCARTES FETAL CEREBELLUM MICROGLIA,,-2.2,1.7,2.8,30211,642,680,25,3.7,0.72,55|717|929|972|1435|1514|1880|3099|3108|4217|4814|5265|5654|6299|7006|7099|7100|7294|10673|11010|23643|26301|55214|58475|203328,ACP3|C2|CD14|CD74|CSF1|CTSL|GPR183|HK2|HLA-DMA|MAP3K5|NINJ1|SERPINA1|HTRA1|SALL1|TEC|TLR4|TLR5|TXK|TNFSF13B|GLIPR1|LY96|GBGT1|P3H2|MS4A7|SUSD3,-0.76,0
1,-2.2,M39123,M1,1,0,Cell Type Signatures,7,AIZARANI LIVER C22 RESIDENT B CELLS 2,,-2.2,5.4,3.8,30211,33,680,4,0.59,0.29,1831|7184|10549|81618,TSC22D3|HSP90B1|PRDX4|ITM2C,-0.76,0
1,-2.2,M39283,M1,1,0,Cell Type Signatures,7,DURANTE ADULT OLFACTORY NEUROEPITHELIUM BOWMANS GLAND,,-2.2,5.4,3.8,30211,33,680,4,0.59,0.29,5284|6947|57535|284340,PIGR|TCN1|ELAPOR1|CXCL17,-0.76,0
1,-2.2,M39215,M1,1,0,Cell Type Signatures,7,ZHENG CORD BLOOD C6 HSC MULTIPOTENT PROGENITOR,,-2.2,3.2,3.3,30211,97,680,7,1,0.39,216|972|1831|2122|4540|6867|7035,ALDH1A1|CD74|TSC22D3|MECOM|ND5|TACC1|TFPI,-0.75,0
1,-2.2,M39217,M1,1,0,Cell Type Signatures,7,ZHENG CORD BLOOD C8 PUTATIVE LYMPHOID PRIMED MULTIPOTENT PROGENITOR 2,,-2.2,3.2,3.3,30211,97,680,7,1,0.39,972|1831|4519|8842|57222|81618|81671,CD74|TSC22D3|CYTB|PROM1|ERGIC1|ITM2C|VMP1,-0.75,0
1,-2.2,M39219,M1,1,0,Cell Type Signatures,7,ZHENG CORD BLOOD C10 MULTILYMPHOID PROGENITOR,,-2.2,3.2,3.3,30211,97,680,7,1,0.39,972|4311|6328|10788|51523|81618|255631,CD74|MME|SCN3A|IQGAP2|CXXC5|ITM2C|COL24A1,-0.75,0
1,-2.2,M39319,M1,1,0,Cell Type Signatures,7,CUI DEVELOPING HEART ENDOCARDIAL CELL,,-2.2,4.2,3.5,30211,53,680,5,0.74,0.33,2151|5099|5167|7035|81618,F2RL2|PCDH7|ENPP1|TFPI|ITM2C,-0.73,0
1,-2.2,M39294,M1,1,0,Cell Type Signatures,7,DURANTE ADULT OLFACTORY NEUROEPITHELIUM MAST CELLS,,-2.2,3.6,3.4,30211,75,680,6,0.88,0.36,1435|4013|4129|5874|6571|93663,CSF1|VWA5A|MAOB|RAB27B|SLC18A2|ARHGAP18,-0.73,0
1,-2.2,M40239,M1,1,0,Cell Type Signatures,7,DESCARTES FETAL LUNG MEGAKARYOCYTES,,-2.2,2.5,3.1,30211,177,680,10,1.5,0.46,1608|2149|5874|7057|7429|7504|57464|79722|80230|148932,DGKG|F2R|RAB27B|THBS1|VIL1|XK|STRIP2|ANKRD55|RUFY1|MOB3C,-0.72,0
1,-2.1,M39160,M1,1,0,Cell Type Signatures,7,GAO LARGE INTESTINE 24W C11 PANETH LIKE CELL,,-2.1,2.1,2.9,30211,325,680,15,2.2,0.56,717|929|972|1514|3108|4688|4814|6509|7099|10105|10673|58475|81537|153020|340348,C2|CD14|CD74|CTSL|HLA-DMA|NCF2|NINJ1|SLC1A4|TLR4|PPIF|TNFSF13B|MS4A7|SGPP1|RASGEF1B|TSPAN33,-0.71,0
1,-2.1,M39238,M1,1,0,Cell Type Signatures,7,LAKE ADULT KIDNEY C19 COLLECTING DUCT INTERCALATED CELLS TYPE A MEDULLA,,-2.1,2,2.9,30211,326,680,15,2.2,0.56,216|928|972|2888|6647|7184|10103|10406|10655|51458|64283|93663|115111|129642|266977,ALDH1A1|CD9|CD74|GRB14|SOD1|HSP90B1|TSPAN1|WFDC2|DMRT2|RHCG|ARHGEF28|ARHGAP18|SLC26A7|MBOAT2|ADGRF1,-0.7,0
1,-2.1,M40069,M1,1,0,Cell Type Signatures,7,DESCARTES MAIN FETAL MEGAKARYOCYTES,,-2.1,2.4,3,30211,207,680,11,1.6,0.48,489|1608|3796|5874|6251|7006|7057|8459|80230|203328|255631,ATP2A3|DGKG|KIF2A|RAB27B|RSU1|TEC|THBS1|TPST2|RUFY1|SUSD3|COL24A1,-0.7,0
1,-2.1,M39112,M1,1,0,Cell Type Signatures,7,AIZARANI LIVER C8 RESIDENT B CELLS 1,,-2.1,5.1,3.7,30211,35,680,4,0.59,0.29,6382|7184|10549|81618,SDC1|HSP90B1|PRDX4|ITM2C,-0.7,0
1,-2.1,M39243,M1,1,0,Cell Type Signatures,7,LAKE ADULT KIDNEY C24 ENDOTHELIAL CELLS AEA AND DVR,,-2.1,2.6,3.1,30211,152,680,9,1.3,0.44,972|2321|5793|6867|7184|11067|11174|23236|23348,CD74|FLT1|PTPRG|TACC1|HSP90B1|DEPP1|ADAMTS6|PLCB1|DOCK9,-0.7,0
1,-2.1,M40223,M1,1,0,Cell Type Signatures,7,DESCARTES FETAL KIDNEY METANEPHRIC CELLS,,-2.1,2.6,3.1,30211,152,680,9,1.3,0.44,1004|3827|4036|5800|6299|10149|10568|22999|170589,CDH6|KNG1|LRP2|PTPRO|SALL1|ADGRG2|SLC34A2|RIMS1|GPHA2,-0.7,0
1,-2.1,M39302,M1,1,0,Cell Type Signatures,7,CUI DEVELOPING HEART C5 VALVAR CELL,,-2.1,2.3,3,30211,208,680,11,1.6,0.48,467|928|4739|5274|5549|7057|8727|9021|23493|54206|171019,ATF3|CD9|NEDD9|SERPINI1|PRELP|THBS1|CTNNAL1|SOCS3|HEY2|ERRFI1|ADAMTS19,-0.69,0
1,-2.1,M41701,M1,1,0,Cell Type Signatures,7,TRAVAGLINI LUNG NONCLASSICAL MONOCYTE CELL,,-2.1,2.5,3,30211,180,680,10,1.5,0.46,476|4688|5265|7099|7453|10673|11138|23312|58475|81671,ATP1A1|NCF2|SERPINA1|TLR4|WARS1|TNFSF13B|TBC1D8|DMXL2|MS4A7|VMP1,-0.69,0
1,-2.1,M40166,M1,1,0,Cell Type Signatures,7,DESCARTES FETAL CEREBRUM MEGAKARYOCYTES,,-2.1,1.9,2.8,30211,425,680,18,2.6,0.62,489|2039|5874|6385|7057|7504|8727|10086|10105|10788|55630|55907|80005|80230|81628|84812|140469|340348,ATP2A3|DMTN|RAB27B|SDC4|THBS1|XK|CTNNAL1|HHLA1|PPIF|IQGAP2|SLC39A4|CMAS|DOCK5|RUFY1|TSC22D4|PLCD4|MYO3B|TSPAN33,-0.67,0
1,-2.1,M41699,M1,1,0,Cell Type Signatures,7,TRAVAGLINI LUNG CLASSICAL MONOCYTE CELL,,-2.1,2.1,2.9,30211,270,680,13,1.9,0.53,929|3099|4257|4688|5187|5265|7057|7099|10008|10673|23312|51313|81671,CD14|HK2|MGST1|NCF2|PER1|SERPINA1|THBS1|TLR4|KCNE3|TNFSF13B|DMXL2|GASK1B|VMP1,-0.67,0
1,-2.1,M40177,M1,1,0,Cell Type Signatures,7,DESCARTES FETAL EYE RETINAL PIGMENT CELLS,,-2.1,3.4,3.2,30211,79,680,6,0.88,0.36,57464|57471|84735|115111|166824|200150,STRIP2|ERMN|CNDP1|SLC26A7|RASSF6|PLD5,-0.66,0
1,-2.1,M40273,M1,1,0,Cell Type Signatures,7,DESCARTES FETAL PANCREAS MESOTHELIAL CELLS,,-2.1,3.4,3.2,30211,79,680,6,0.88,0.36,540|4036|7051|9052|9076|80309,ATP7B|LRP2|TGM1|GPRC5A|CLDN1|SPHKAP,-0.66,0
1,-2,M40242,M1,1,0,Cell Type Signatures,7,DESCARTES FETAL LUNG MESOTHELIAL CELLS,,-2,3,3.1,30211,105,680,7,1,0.39,445|3852|4824|5549|7051|22943|85004,ASS1|KRT5|NKX3-1|PRELP|TGM1|DKK1|RERG,-0.63,0
1,-2,M40035,M1,1,0,Cell Type Signatures,7,BUSSLINGER DUODENAL K CELLS,,-2,6.7,3.8,30211,20,680,3,0.44,0.25,6447|9021|11067,SCG5|SOCS3|DEPP1,-0.63,0
1,-2,M39282,M1,1,0,Cell Type Signatures,7,DURANTE ADULT OLFACTORY NEUROEPITHELIUM MACROPHAGES,,-2,3.3,3.1,30211,81,680,6,0.88,0.36,929|972|1880|2896|3108|58475,CD14|CD74|GPR183|GRN|HLA-DMA|MS4A7,-0.62,0
1,-2,M40033,M1,1,0,Cell Type Signatures,7,BUSSLINGER DUODENAL TUFT CELLS,,-2,3.3,3.1,30211,81,680,6,0.88,0.36,489|5265|7433|10677|166824|401145,ATP2A3|SERPINA1|VIPR1|AVIL|RASSF6|CCSER1,-0.62,0
1,-2,M39305,M1,1,0,Cell Type Signatures,7,CUI DEVELOPING HEART C8 MACROPHAGE,,-2,2.1,2.8,30211,275,680,13,1.9,0.53,929|972|1839|1880|2896|3108|4688|4814|10788|11010|23643|58475|93663,CD14|CD74|HBEGF|GPR183|GRN|HLA-DMA|NCF2|NINJ1|IQGAP2|GLIPR1|LY96|MS4A7|ARHGAP18,-0.62,0
